[     136ms] [LOG] [Fast Refresh] rebuilding @ http://localhost:3000/_next/static/chunks/node_modules_next_dist_115brz8._.js:2431
[     315ms] [LOG] [Fast Refresh] done in 294ms @ http://localhost:3000/_next/static/chunks/node_modules_next_dist_115brz8._.js:2431
[     374ms] [INFO] %cDownload the React DevTools for a better development experience: https://react.dev/link/react-devtools font-weight:bold @ http://localhost:3000/_next/static/chunks/node_modules_next_dist_115brz8._.js:2431
[     389ms] [LOG] [HMR] connected @ http://localhost:3000/_next/static/chunks/node_modules_next_dist_115brz8._.js:2431
[   88809ms] [LOG] [Fast Refresh] rebuilding @ http://localhost:3000/_next/static/chunks/node_modules_next_dist_115brz8._.js:2431
[   88810ms] [LOG] [Fast Refresh] done in 102ms @ http://localhost:3000/_next/static/chunks/node_modules_next_dist_115brz8._.js:2431
[   89071ms] [LOG] [Fast Refresh] rebuilding @ http://localhost:3000/_next/static/chunks/node_modules_next_dist_115brz8._.js:2431
[   89106ms] [LOG] [Fast Refresh] done in 150ms @ http://localhost:3000/_next/static/chunks/node_modules_next_dist_115brz8._.js:2431
[  330700ms] [LOG] [Fast Refresh] rebuilding @ http://localhost:3000/_next/static/chunks/node_modules_next_dist_115brz8._.js:2431
[  334966ms] [LOG] [Fast Refresh] done in 4389ms @ http://localhost:3000/_next/static/chunks/node_modules_next_dist_115brz8._.js:2431
[  335661ms] [LOG] [Fast Refresh] rebuilding @ http://localhost:3000/_next/static/chunks/node_modules_next_dist_115brz8._.js:2431
[  336047ms] [LOG] [Fast Refresh] done in 501ms @ http://localhost:3000/_next/static/chunks/node_modules_next_dist_115brz8._.js:2431
[  344252ms] [LOG] [Fast Refresh] rebuilding @ http://localhost:3000/_next/static/chunks/node_modules_next_dist_115brz8._.js:2431
[  360375ms] [LOG] [Fast Refresh] done in 16232ms @ http://localhost:3000/_next/static/chunks/node_modules_next_dist_115brz8._.js:2431
[  368294ms] [LOG] [Fast Refresh] rebuilding @ http://localhost:3000/_next/static/chunks/node_modules_next_dist_115brz8._.js:2431
[  377311ms] [LOG] [Fast Refresh] done in 9132ms @ http://localhost:3000/_next/static/chunks/node_modules_next_dist_115brz8._.js:2431
[  531079ms] [LOG] [Fast Refresh] rebuilding @ http://localhost:3000/_next/static/chunks/node_modules_next_dist_115brz8._.js:2431
[  531835ms] [LOG] [Fast Refresh] done in 859ms @ http://localhost:3000/_next/static/chunks/node_modules_next_dist_115brz8._.js:2431
[  533461ms] [LOG] [Fast Refresh] rebuilding @ http://localhost:3000/_next/static/chunks/node_modules_next_dist_115brz8._.js:2431
[  533500ms] [LOG] [Fast Refresh] done in 142ms @ http://localhost:3000/_next/static/chunks/node_modules_next_dist_115brz8._.js:2431
[  533611ms] [LOG] [Fast Refresh] rebuilding @ http://localhost:3000/_next/static/chunks/node_modules_next_dist_115brz8._.js:2431
[  542687ms] [LOG] [Fast Refresh] done in 9185ms @ http://localhost:3000/_next/static/chunks/node_modules_next_dist_115brz8._.js:2431
[  543046ms] [LOG] [Fast Refresh] rebuilding @ http://localhost:3000/_next/static/chunks/node_modules_next_dist_115brz8._.js:2431
[  543119ms] [LOG] [Fast Refresh] done in 178ms @ http://localhost:3000/_next/static/chunks/node_modules_next_dist_115brz8._.js:2431
[  543243ms] [LOG] [Fast Refresh] rebuilding @ http://localhost:3000/_next/static/chunks/node_modules_next_dist_115brz8._.js:2431
[  543914ms] [LOG] [Fast Refresh] done in 782ms @ http://localhost:3000/_next/static/chunks/node_modules_next_dist_115brz8._.js:2431
[  544076ms] [LOG] [Fast Refresh] rebuilding @ http://localhost:3000/_next/static/chunks/node_modules_next_dist_115brz8._.js:2431
[  544536ms] [LOG] [Fast Refresh] done in 574ms @ http://localhost:3000/_next/static/chunks/node_modules_next_dist_115brz8._.js:2431
[  544794ms] [LOG] [Fast Refresh] rebuilding @ http://localhost:3000/_next/static/chunks/node_modules_next_dist_115brz8._.js:2431
[  545656ms] [LOG] [Fast Refresh] done in 968ms @ http://localhost:3000/_next/static/chunks/node_modules_next_dist_115brz8._.js:2431
[  549400ms] [LOG] [Fast Refresh] rebuilding @ http://localhost:3000/_next/static/chunks/node_modules_next_dist_115brz8._.js:2431
[  553704ms] [LOG] [Fast Refresh] done in 4406ms @ http://localhost:3000/_next/static/chunks/node_modules_next_dist_115brz8._.js:2431
[  553945ms] [LOG] [Fast Refresh] rebuilding @ http://localhost:3000/_next/static/chunks/node_modules_next_dist_115brz8._.js:2431
[  555484ms] [LOG] [Fast Refresh] done in 1653ms @ http://localhost:3000/_next/static/chunks/node_modules_next_dist_115brz8._.js:2431
[  579090ms] [LOG] [Fast Refresh] rebuilding @ http://localhost:3000/_next/static/chunks/node_modules_next_dist_115brz8._.js:2431
[  581371ms] [LOG] [Fast Refresh] done in 2385ms @ http://localhost:3000/_next/static/chunks/node_modules_next_dist_115brz8._.js:2431
[  595078ms] [LOG] [Fast Refresh] rebuilding @ http://localhost:3000/_next/static/chunks/node_modules_next_dist_115brz8._.js:2431
[  595980ms] [LOG] [Fast Refresh] done in 1013ms @ http://localhost:3000/_next/static/chunks/node_modules_next_dist_115brz8._.js:2431
[  608128ms] [LOG] [HMR] connected @ http://localhost:3000/_next/static/chunks/node_modules_next_dist_115brz8._.js:2431
[  610051ms] [INFO] %cDownload the React DevTools for a better development experience: https://react.dev/link/react-devtools font-weight:bold @ http://localhost:3000/_next/static/chunks/node_modules_next_dist_115brz8._.js:2431
[  610103ms] [LOG] [HMR] connected @ http://localhost:3000/_next/static/chunks/node_modules_next_dist_115brz8._.js:2431
[  610898ms] [LOG] [Fast Refresh] rebuilding @ http://localhost:3000/_next/static/chunks/node_modules_next_dist_115brz8._.js:2431
[  611850ms] [LOG] [Fast Refresh] done in 1065ms @ http://localhost:3000/_next/static/chunks/node_modules_next_dist_115brz8._.js:2431
[  647849ms] [LOG] [Fast Refresh] rebuilding @ http://localhost:3000/_next/static/chunks/node_modules_next_dist_115brz8._.js:2431
[  648082ms] [LOG] [Fast Refresh] done in 339ms @ http://localhost:3000/_next/static/chunks/node_modules_next_dist_115brz8._.js:2431
[  653139ms] [LOG] [Fast Refresh] rebuilding @ http://localhost:3000/_next/static/chunks/node_modules_next_dist_115brz8._.js:2431
[  653272ms] [LOG] [Fast Refresh] done in 247ms @ http://localhost:3000/_next/static/chunks/node_modules_next_dist_115brz8._.js:2431
[  724435ms] [LOG] [Fast Refresh] rebuilding @ http://localhost:3000/_next/static/chunks/node_modules_next_dist_115brz8._.js:2431
[  724627ms] [LOG] [Fast Refresh] done in 307ms @ http://localhost:3000/_next/static/chunks/node_modules_next_dist_115brz8._.js:2431
[  728110ms] [LOG] [Fast Refresh] rebuilding @ http://localhost:3000/_next/static/chunks/node_modules_next_dist_115brz8._.js:2431
[  728251ms] [LOG] [Fast Refresh] done in 258ms @ http://localhost:3000/_next/static/chunks/node_modules_next_dist_115brz8._.js:2431
[  729556ms] [LOG] [Fast Refresh] rebuilding @ http://localhost:3000/_next/static/chunks/node_modules_next_dist_115brz8._.js:2431
[  729673ms] [LOG] [Fast Refresh] done in 219ms @ http://localhost:3000/_next/static/chunks/node_modules_next_dist_115brz8._.js:2431
[  731194ms] [LOG] [Fast Refresh] rebuilding @ http://localhost:3000/_next/static/chunks/node_modules_next_dist_115brz8._.js:2431
[  731302ms] [LOG] [Fast Refresh] done in 212ms @ http://localhost:3000/_next/static/chunks/node_modules_next_dist_115brz8._.js:2431
[  732204ms] [LOG] [Fast Refresh] rebuilding @ http://localhost:3000/_next/static/chunks/node_modules_next_dist_115brz8._.js:2431
[  732318ms] [LOG] [Fast Refresh] done in 230ms @ http://localhost:3000/_next/static/chunks/node_modules_next_dist_115brz8._.js:2431
[  741738ms] [LOG] [Fast Refresh] rebuilding @ http://localhost:3000/_next/static/chunks/node_modules_next_dist_115brz8._.js:2431
[  741935ms] [LOG] [Fast Refresh] done in 300ms @ http://localhost:3000/_next/static/chunks/node_modules_next_dist_115brz8._.js:2431
[  829520ms] [LOG] [Fast Refresh] rebuilding @ http://localhost:3000/_next/static/chunks/node_modules_next_dist_115brz8._.js:2431
[  829901ms] [LOG] [Fast Refresh] done in 465ms @ http://localhost:3000/_next/static/chunks/node_modules_next_dist_115brz8._.js:2431
[  830021ms] [LOG] [Fast Refresh] rebuilding @ http://localhost:3000/_next/static/chunks/node_modules_next_dist_115brz8._.js:2431
[  830066ms] [LOG] [Fast Refresh] done in 159ms @ http://localhost:3000/_next/static/chunks/node_modules_next_dist_115brz8._.js:2431
[  830171ms] [LOG] [Fast Refresh] rebuilding @ http://localhost:3000/_next/static/chunks/node_modules_next_dist_115brz8._.js:2431
[  830650ms] [LOG] [Fast Refresh] done in 582ms @ http://localhost:3000/_next/static/chunks/node_modules_next_dist_115brz8._.js:2431
[  831476ms] [LOG] [Fast Refresh] rebuilding @ http://localhost:3000/_next/static/chunks/node_modules_next_dist_115brz8._.js:2431
[  831591ms] [LOG] [Fast Refresh] done in 219ms @ http://localhost:3000/_next/static/chunks/node_modules_next_dist_115brz8._.js:2431
[  831704ms] [LOG] [Fast Refresh] rebuilding @ http://localhost:3000/_next/static/chunks/node_modules_next_dist_115brz8._.js:2431
[  831792ms] [LOG] [Fast Refresh] done in 189ms @ http://localhost:3000/_next/static/chunks/node_modules_next_dist_115brz8._.js:2431
[  831955ms] [LOG] [Fast Refresh] rebuilding @ http://localhost:3000/_next/static/chunks/node_modules_next_dist_115brz8._.js:2431
[  832254ms] [LOG] [Fast Refresh] done in 403ms @ http://localhost:3000/_next/static/chunks/node_modules_next_dist_115brz8._.js:2431
[  832505ms] [LOG] [Fast Refresh] rebuilding @ http://localhost:3000/_next/static/chunks/node_modules_next_dist_115brz8._.js:2431
[  832518ms] [LOG] [Fast Refresh] done in 128ms @ http://localhost:3000/_next/static/chunks/node_modules_next_dist_115brz8._.js:2431
[  832629ms] [LOG] [Fast Refresh] rebuilding @ http://localhost:3000/_next/static/chunks/node_modules_next_dist_115brz8._.js:2431
[  832964ms] [LOG] [Fast Refresh] done in 436ms @ http://localhost:3000/_next/static/chunks/node_modules_next_dist_115brz8._.js:2431
[  833088ms] [LOG] [Fast Refresh] rebuilding @ http://localhost:3000/_next/static/chunks/node_modules_next_dist_115brz8._.js:2431
[  833286ms] [LOG] [Fast Refresh] done in 305ms @ http://localhost:3000/_next/static/chunks/node_modules_next_dist_115brz8._.js:2431
[  833410ms] [LOG] [Fast Refresh] rebuilding @ http://localhost:3000/_next/static/chunks/node_modules_next_dist_115brz8._.js:2431
[  833543ms] [LOG] [Fast Refresh] done in 233ms @ http://localhost:3000/_next/static/chunks/node_modules_next_dist_115brz8._.js:2431
[  833688ms] [LOG] [Fast Refresh] rebuilding @ http://localhost:3000/_next/static/chunks/node_modules_next_dist_115brz8._.js:2431
[  834044ms] [LOG] [Fast Refresh] done in 464ms @ http://localhost:3000/_next/static/chunks/node_modules_next_dist_115brz8._.js:2431
[  834255ms] [LOG] [Fast Refresh] rebuilding @ http://localhost:3000/_next/static/chunks/node_modules_next_dist_115brz8._.js:2431
[  834420ms] [LOG] [Fast Refresh] done in 267ms @ http://localhost:3000/_next/static/chunks/node_modules_next_dist_115brz8._.js:2431
[  834635ms] [LOG] [Fast Refresh] rebuilding @ http://localhost:3000/_next/static/chunks/node_modules_next_dist_115brz8._.js:2431
[  834799ms] [LOG] [Fast Refresh] done in 271ms @ http://localhost:3000/_next/static/chunks/node_modules_next_dist_115brz8._.js:2431
[  835027ms] [LOG] [Fast Refresh] rebuilding @ http://localhost:3000/_next/static/chunks/node_modules_next_dist_115brz8._.js:2431
[  835178ms] [LOG] [Fast Refresh] done in 256ms @ http://localhost:3000/_next/static/chunks/node_modules_next_dist_115brz8._.js:2431
[  859136ms] [LOG] [Fast Refresh] rebuilding @ http://localhost:3000/_next/static/chunks/node_modules_next_dist_115brz8._.js:2431
[  859201ms] [LOG] [Fast Refresh] done in 96ms @ http://localhost:3000/_next/static/chunks/node_modules_next_dist_115brz8._.js:2431
[  859322ms] [LOG] [Fast Refresh] rebuilding @ http://localhost:3000/_next/static/chunks/node_modules_next_dist_115brz8._.js:2431
[  859788ms] [LOG] [Fast Refresh] done in 576ms @ http://localhost:3000/_next/static/chunks/node_modules_next_dist_115brz8._.js:2431
[  860268ms] [LOG] [Fast Refresh] rebuilding @ http://localhost:3000/_next/static/chunks/node_modules_next_dist_115brz8._.js:2431
[  860366ms] [LOG] [Fast Refresh] done in 198ms @ http://localhost:3000/_next/static/chunks/node_modules_next_dist_115brz8._.js:2431
[  860488ms] [LOG] [Fast Refresh] rebuilding @ http://localhost:3000/_next/static/chunks/node_modules_next_dist_115brz8._.js:2431
[  860621ms] [LOG] [Fast Refresh] done in 236ms @ http://localhost:3000/_next/static/chunks/node_modules_next_dist_115brz8._.js:2431
[  860805ms] [LOG] [Fast Refresh] rebuilding @ http://localhost:3000/_next/static/chunks/node_modules_next_dist_115brz8._.js:2431
[  860946ms] [LOG] [Fast Refresh] done in 252ms @ http://localhost:3000/_next/static/chunks/node_modules_next_dist_115brz8._.js:2431
[  861136ms] [LOG] [Fast Refresh] rebuilding @ http://localhost:3000/_next/static/chunks/node_modules_next_dist_115brz8._.js:2431
[  861310ms] [LOG] [Fast Refresh] done in 277ms @ http://localhost:3000/_next/static/chunks/node_modules_next_dist_115brz8._.js:2431
[  892509ms] [LOG] [Fast Refresh] rebuilding @ http://localhost:3000/_next/static/chunks/node_modules_next_dist_115brz8._.js:2431
[  892982ms] [LOG] [Fast Refresh] done in 40ms @ http://localhost:3000/_next/static/chunks/node_modules_next_dist_115brz8._.js:2431
[  893452ms] [LOG] [Fast Refresh] rebuilding @ http://localhost:3000/_next/static/chunks/node_modules_next_dist_115brz8._.js:2431
[  893503ms] [LOG] [Fast Refresh] done in 158ms @ http://localhost:3000/_next/static/chunks/node_modules_next_dist_115brz8._.js:2431
[  893623ms] [LOG] [Fast Refresh] rebuilding @ http://localhost:3000/_next/static/chunks/node_modules_next_dist_115brz8._.js:2431
[  893650ms] [LOG] [Fast Refresh] done in 128ms @ http://localhost:3000/_next/static/chunks/node_modules_next_dist_115brz8._.js:2431
[  893756ms] [LOG] [Fast Refresh] rebuilding @ http://localhost:3000/_next/static/chunks/node_modules_next_dist_115brz8._.js:2431
[  893872ms] [LOG] [Fast Refresh] done in 223ms @ http://localhost:3000/_next/static/chunks/node_modules_next_dist_115brz8._.js:2431
[  894041ms] [LOG] [Fast Refresh] rebuilding @ http://localhost:3000/_next/static/chunks/node_modules_next_dist_115brz8._.js:2431
[  894115ms] [LOG] [Fast Refresh] done in 177ms @ http://localhost:3000/_next/static/chunks/node_modules_next_dist_115brz8._.js:2431
[  900204ms] [LOG] [Fast Refresh] rebuilding @ http://localhost:3000/_next/static/chunks/node_modules_next_dist_115brz8._.js:2431
[  901265ms] [LOG] [Fast Refresh] done in 1166ms @ http://localhost:3000/_next/static/chunks/node_modules_next_dist_115brz8._.js:2431
[  943783ms] [LOG] [Fast Refresh] rebuilding @ http://localhost:3000/_next/static/chunks/node_modules_next_dist_115brz8._.js:2431
[  944015ms] [LOG] [Fast Refresh] done in 44ms @ http://localhost:3000/_next/static/chunks/node_modules_next_dist_115brz8._.js:2431
[  944129ms] [LOG] [Fast Refresh] rebuilding @ http://localhost:3000/_next/static/chunks/node_modules_next_dist_115brz8._.js:2431
[  944280ms] [LOG] [Fast Refresh] done in 261ms @ http://localhost:3000/_next/static/chunks/node_modules_next_dist_115brz8._.js:2431
[  953094ms] [LOG] [Fast Refresh] rebuilding @ http://localhost:3000/_next/static/chunks/node_modules_next_dist_115brz8._.js:2431
[  953959ms] [LOG] [Fast Refresh] done in 968ms @ http://localhost:3000/_next/static/chunks/node_modules_next_dist_115brz8._.js:2431
[  954126ms] [LOG] [Fast Refresh] rebuilding @ http://localhost:3000/_next/static/chunks/node_modules_next_dist_115brz8._.js:2431
[  954704ms] [LOG] [Fast Refresh] done in 679ms @ http://localhost:3000/_next/static/chunks/node_modules_next_dist_115brz8._.js:2431
[ 1100453ms] [LOG] [Fast Refresh] rebuilding @ http://localhost:3000/_next/static/chunks/node_modules_next_dist_115brz8._.js:2431
[ 1100745ms] [LOG] [Fast Refresh] done in 397ms @ http://localhost:3000/_next/static/chunks/node_modules_next_dist_115brz8._.js:2431
[ 1108979ms] [LOG] [Fast Refresh] rebuilding @ http://localhost:3000/_next/static/chunks/node_modules_next_dist_115brz8._.js:2431
[ 1109241ms] [LOG] [Fast Refresh] done in 365ms @ http://localhost:3000/_next/static/chunks/node_modules_next_dist_115brz8._.js:2431
[ 1109404ms] [LOG] [Fast Refresh] rebuilding @ http://localhost:3000/_next/static/chunks/node_modules_next_dist_115brz8._.js:2431
[ 1109419ms] [LOG] [Fast Refresh] done in 125ms @ http://localhost:3000/_next/static/chunks/node_modules_next_dist_115brz8._.js:2431
[ 1116643ms] [LOG] [Fast Refresh] rebuilding @ http://localhost:3000/_next/static/chunks/node_modules_next_dist_115brz8._.js:2431
[ 1116785ms] [LOG] [Fast Refresh] done in 251ms @ http://localhost:3000/_next/static/chunks/node_modules_next_dist_115brz8._.js:2431
[ 1119711ms] [LOG] [Fast Refresh] rebuilding @ http://localhost:3000/_next/static/chunks/node_modules_next_dist_115brz8._.js:2431
[ 1119834ms] [LOG] [Fast Refresh] done in 238ms @ http://localhost:3000/_next/static/chunks/node_modules_next_dist_115brz8._.js:2431
[ 1123963ms] [LOG] [Fast Refresh] rebuilding @ http://localhost:3000/_next/static/chunks/node_modules_next_dist_115brz8._.js:2431
[ 1124135ms] [LOG] [Fast Refresh] done in 273ms @ http://localhost:3000/_next/static/chunks/node_modules_next_dist_115brz8._.js:2431
[ 1139813ms] [LOG] [Fast Refresh] rebuilding @ http://localhost:3000/_next/static/chunks/node_modules_next_dist_115brz8._.js:2431
[ 1140029ms] [LOG] [Fast Refresh] done in 324ms @ http://localhost:3000/_next/static/chunks/node_modules_next_dist_115brz8._.js:2431
[ 1162082ms] [LOG] [Fast Refresh] rebuilding @ http://localhost:3000/_next/static/chunks/node_modules_next_dist_115brz8._.js:2431
[ 1162194ms] [LOG] [Fast Refresh] done in 212ms @ http://localhost:3000/_next/static/chunks/node_modules_next_dist_115brz8._.js:2431
[ 1314593ms] [LOG] [Fast Refresh] rebuilding @ http://localhost:3000/_next/static/chunks/node_modules_next_dist_115brz8._.js:2431
[ 1315259ms] [LOG] [Fast Refresh] done in 47ms @ http://localhost:3000/_next/static/chunks/node_modules_next_dist_115brz8._.js:2431
[ 1315484ms] [LOG] [Fast Refresh] rebuilding @ http://localhost:3000/_next/static/chunks/node_modules_next_dist_115brz8._.js:2431
[ 1315501ms] [LOG] [Fast Refresh] done in 121ms @ http://localhost:3000/_next/static/chunks/node_modules_next_dist_115brz8._.js:2431
[ 1315622ms] [LOG] [Fast Refresh] rebuilding @ http://localhost:3000/_next/static/chunks/node_modules_next_dist_115brz8._.js:2431
[ 1315637ms] [LOG] [Fast Refresh] done in 124ms @ http://localhost:3000/_next/static/chunks/node_modules_next_dist_115brz8._.js:2431
[ 1315756ms] [LOG] [Fast Refresh] rebuilding @ http://localhost:3000/_next/static/chunks/node_modules_next_dist_115brz8._.js:2431
[ 1315781ms] [LOG] [Fast Refresh] done in 128ms @ http://localhost:3000/_next/static/chunks/node_modules_next_dist_115brz8._.js:2431
[ 1315906ms] [LOG] [Fast Refresh] rebuilding @ http://localhost:3000/_next/static/chunks/node_modules_next_dist_115brz8._.js:2431
[ 1316004ms] [LOG] [Fast Refresh] done in 210ms @ http://localhost:3000/_next/static/chunks/node_modules_next_dist_115brz8._.js:2431
[ 1316206ms] [LOG] [Fast Refresh] rebuilding @ http://localhost:3000/_next/static/chunks/node_modules_next_dist_115brz8._.js:2431
[ 1316263ms] [LOG] [Fast Refresh] done in 166ms @ http://localhost:3000/_next/static/chunks/node_modules_next_dist_115brz8._.js:2431
[ 1316430ms] [LOG] [Fast Refresh] rebuilding @ http://localhost:3000/_next/static/chunks/node_modules_next_dist_115brz8._.js:2431
[ 1316493ms] [LOG] [Fast Refresh] done in 172ms @ http://localhost:3000/_next/static/chunks/node_modules_next_dist_115brz8._.js:2431
[ 1318770ms] [LOG] [Fast Refresh] rebuilding @ http://localhost:3000/_next/static/chunks/node_modules_next_dist_115brz8._.js:2431
[ 1319071ms] [LOG] [Fast Refresh] done in 40ms @ http://localhost:3000/_next/static/chunks/node_modules_next_dist_115brz8._.js:2431
[ 1319490ms] [LOG] [Fast Refresh] rebuilding @ http://localhost:3000/_next/static/chunks/node_modules_next_dist_115brz8._.js:2431
[ 1319550ms] [LOG] [Fast Refresh] done in 173ms @ http://localhost:3000/_next/static/chunks/node_modules_next_dist_115brz8._.js:2431
[ 1319665ms] [LOG] [Fast Refresh] rebuilding @ http://localhost:3000/_next/static/chunks/node_modules_next_dist_115brz8._.js:2431
[ 1319684ms] [LOG] [Fast Refresh] done in 123ms @ http://localhost:3000/_next/static/chunks/node_modules_next_dist_115brz8._.js:2431
[ 1319806ms] [LOG] [Fast Refresh] rebuilding @ http://localhost:3000/_next/static/chunks/node_modules_next_dist_115brz8._.js:2431
[ 1319816ms] [LOG] [Fast Refresh] done in 122ms @ http://localhost:3000/_next/static/chunks/node_modules_next_dist_115brz8._.js:2431
[ 1319939ms] [LOG] [Fast Refresh] rebuilding @ http://localhost:3000/_next/static/chunks/node_modules_next_dist_115brz8._.js:2431
[ 1320022ms] [LOG] [Fast Refresh] done in 189ms @ http://localhost:3000/_next/static/chunks/node_modules_next_dist_115brz8._.js:2431
[ 1320158ms] [LOG] [Fast Refresh] rebuilding @ http://localhost:3000/_next/static/chunks/node_modules_next_dist_115brz8._.js:2431
[ 1320253ms] [LOG] [Fast Refresh] done in 197ms @ http://localhost:3000/_next/static/chunks/node_modules_next_dist_115brz8._.js:2431
[ 1320446ms] [LOG] [Fast Refresh] rebuilding @ http://localhost:3000/_next/static/chunks/node_modules_next_dist_115brz8._.js:2431
[ 1320491ms] [LOG] [Fast Refresh] done in 155ms @ http://localhost:3000/_next/static/chunks/node_modules_next_dist_115brz8._.js:2431
[ 1322018ms] [LOG] [Fast Refresh] rebuilding @ http://localhost:3000/_next/static/chunks/node_modules_next_dist_115brz8._.js:2431
[ 1322265ms] [LOG] [Fast Refresh] done in 351ms @ http://localhost:3000/_next/static/chunks/node_modules_next_dist_115brz8._.js:2431
[ 1328734ms] [LOG] [Fast Refresh] rebuilding @ http://localhost:3000/_next/static/chunks/node_modules_next_dist_115brz8._.js:2431
[ 1328811ms] [LOG] [Fast Refresh] done in 55ms @ http://localhost:3000/_next/static/chunks/node_modules_next_dist_115brz8._.js:2431
[ 1328999ms] [LOG] [Fast Refresh] rebuilding @ http://localhost:3000/_next/static/chunks/node_modules_next_dist_115brz8._.js:2431
[ 1329975ms] [LOG] [Fast Refresh] done in 1087ms @ http://localhost:3000/_next/static/chunks/node_modules_next_dist_115brz8._.js:2431
[ 1330104ms] [LOG] [Fast Refresh] rebuilding @ http://localhost:3000/_next/static/chunks/node_modules_next_dist_115brz8._.js:2431
[ 1330182ms] [LOG] [Fast Refresh] done in 188ms @ http://localhost:3000/_next/static/chunks/node_modules_next_dist_115brz8._.js:2431
[ 1330306ms] [LOG] [Fast Refresh] rebuilding @ http://localhost:3000/_next/static/chunks/node_modules_next_dist_115brz8._.js:2431
[ 1330632ms] [LOG] [Fast Refresh] done in 434ms @ http://localhost:3000/_next/static/chunks/node_modules_next_dist_115brz8._.js:2431
[ 1330790ms] [LOG] [Fast Refresh] rebuilding @ http://localhost:3000/_next/static/chunks/node_modules_next_dist_115brz8._.js:2431
[ 1330972ms] [LOG] [Fast Refresh] done in 285ms @ http://localhost:3000/_next/static/chunks/node_modules_next_dist_115brz8._.js:2431
[ 1331156ms] [LOG] [Fast Refresh] rebuilding @ http://localhost:3000/_next/static/chunks/node_modules_next_dist_115brz8._.js:2431
[ 1331281ms] [LOG] [Fast Refresh] done in 238ms @ http://localhost:3000/_next/static/chunks/node_modules_next_dist_115brz8._.js:2431
[ 1331535ms] [LOG] [Fast Refresh] rebuilding @ http://localhost:3000/_next/static/chunks/node_modules_next_dist_115brz8._.js:2431
[ 1331826ms] [LOG] [Fast Refresh] done in 391ms @ http://localhost:3000/_next/static/chunks/node_modules_next_dist_115brz8._.js:2431
[ 1332103ms] [LOG] [Fast Refresh] rebuilding @ http://localhost:3000/_next/static/chunks/node_modules_next_dist_115brz8._.js:2431
[ 1332315ms] [LOG] [Fast Refresh] done in 317ms @ http://localhost:3000/_next/static/chunks/node_modules_next_dist_115brz8._.js:2431
[ 1332480ms] [LOG] [Fast Refresh] rebuilding @ http://localhost:3000/_next/static/chunks/node_modules_next_dist_115brz8._.js:2431
[ 1332503ms] [LOG] [Fast Refresh] done in 136ms @ http://localhost:3000/_next/static/chunks/node_modules_next_dist_115brz8._.js:2431
[ 1332685ms] [LOG] [Fast Refresh] rebuilding @ http://localhost:3000/_next/static/chunks/node_modules_next_dist_115brz8._.js:2431
[ 1332841ms] [LOG] [Fast Refresh] done in 268ms @ http://localhost:3000/_next/static/chunks/node_modules_next_dist_115brz8._.js:2431
[ 1333157ms] [LOG] [Fast Refresh] rebuilding @ http://localhost:3000/_next/static/chunks/node_modules_next_dist_115brz8._.js:2431
[ 1333715ms] [LOG] [Fast Refresh] done in 662ms @ http://localhost:3000/_next/static/chunks/node_modules_next_dist_115brz8._.js:2431
[ 1333841ms] [LOG] [Fast Refresh] rebuilding @ http://localhost:3000/_next/static/chunks/node_modules_next_dist_115brz8._.js:2431
[ 1334413ms] [LOG] [Fast Refresh] done in 673ms @ http://localhost:3000/_next/static/chunks/node_modules_next_dist_115brz8._.js:2431
[ 1423801ms] [LOG] [Fast Refresh] rebuilding @ http://localhost:3000/_next/static/chunks/node_modules_next_dist_115brz8._.js:2431
[ 1424514ms] [LOG] [Fast Refresh] done in 827ms @ http://localhost:3000/_next/static/chunks/node_modules_next_dist_115brz8._.js:2431
[ 1424618ms] [LOG] [Fast Refresh] rebuilding @ http://localhost:3000/_next/static/chunks/node_modules_next_dist_115brz8._.js:2431
[ 1426381ms] [LOG] [Fast Refresh] done in 1861ms @ http://localhost:3000/_next/static/chunks/node_modules_next_dist_115brz8._.js:2431
[ 1426485ms] [LOG] [Fast Refresh] rebuilding @ http://localhost:3000/_next/static/chunks/node_modules_next_dist_115brz8._.js:2431
[ 1426799ms] [LOG] [Fast Refresh] done in 417ms @ http://localhost:3000/_next/static/chunks/node_modules_next_dist_115brz8._.js:2431
[ 1427368ms] [LOG] [Fast Refresh] rebuilding @ http://localhost:3000/_next/static/chunks/node_modules_next_dist_115brz8._.js:2431
[ 1427586ms] [LOG] [Fast Refresh] done in 326ms @ http://localhost:3000/_next/static/chunks/node_modules_next_dist_115brz8._.js:2431
[ 1427822ms] [LOG] [Fast Refresh] rebuilding @ http://localhost:3000/_next/static/chunks/node_modules_next_dist_115brz8._.js:2431
[ 1428150ms] [LOG] [Fast Refresh] done in 432ms @ http://localhost:3000/_next/static/chunks/node_modules_next_dist_115brz8._.js:2431
[ 1428263ms] [LOG] [Fast Refresh] rebuilding @ http://localhost:3000/_next/static/chunks/node_modules_next_dist_115brz8._.js:2431
[ 1428264ms] [LOG] [Fast Refresh] done in 102ms @ http://localhost:3000/_next/static/chunks/node_modules_next_dist_115brz8._.js:2431
[ 1428661ms] [LOG] [Fast Refresh] rebuilding @ http://localhost:3000/_next/static/chunks/node_modules_next_dist_115brz8._.js:2431
[ 1428674ms] [LOG] [Fast Refresh] done in 62ms @ http://localhost:3000/_next/static/chunks/node_modules_next_dist_115brz8._.js:2431
[ 1430217ms] [LOG] [Fast Refresh] rebuilding @ http://localhost:3000/_next/static/chunks/node_modules_next_dist_115brz8._.js:2431
[ 1430279ms] [LOG] [Fast Refresh] done in 44ms @ http://localhost:3000/_next/static/chunks/node_modules_next_dist_115brz8._.js:2431
[ 1431459ms] [LOG] [Fast Refresh] rebuilding @ http://localhost:3000/_next/static/chunks/node_modules_next_dist_115brz8._.js:2431
[ 1431722ms] [LOG] [Fast Refresh] done in 368ms @ http://localhost:3000/_next/static/chunks/node_modules_next_dist_115brz8._.js:2431
[ 1462017ms] [LOG] [Fast Refresh] rebuilding @ http://localhost:3000/_next/static/chunks/node_modules_next_dist_115brz8._.js:2431
[ 1462169ms] [LOG] [Fast Refresh] done in 190ms @ http://localhost:3000/_next/static/chunks/node_modules_next_dist_115brz8._.js:2431
[ 1462721ms] [LOG] [Fast Refresh] rebuilding @ http://localhost:3000/_next/static/chunks/node_modules_next_dist_115brz8._.js:2431
[ 1462732ms] [LOG] [Fast Refresh] done in 117ms @ http://localhost:3000/_next/static/chunks/node_modules_next_dist_115brz8._.js:2431
[ 1604429ms] [LOG] [Fast Refresh] rebuilding @ http://localhost:3000/_next/static/chunks/node_modules_next_dist_115brz8._.js:2431
[ 1604493ms] [LOG] [Fast Refresh] done in 170ms @ http://localhost:3000/_next/static/chunks/node_modules_next_dist_115brz8._.js:2431
[ 1628496ms] [ERROR] ./lib/server-directory.ts:158:10
the name `scoreMatch` is defined multiple times
  156 | }
  157 |
> 158 | function scoreMatch(query: string, target: string, aliases: string[...
      |          ^^^^^^^^^^
  159 |   const normalized = query.toLowerCase().trim();
  160 |   if (!normalized) return 1;
  161 |

Ecmascript file had an error

Import trace:
  Server Component:
    ./lib/server-directory.ts
    ./app/schools/[slug]/page.tsx @ http://localhost:3000/_next/static/chunks/node_modules_next_dist_115brz8._.js:3272
[ 1628639ms] [ERROR] ./lib/server-directory.ts:158:10
the name `scoreMatch` is defined multiple times
  156 | }
  157 |
> 158 | function scoreMatch(query: string, target: string, aliases: string[...
      |          ^^^^^^^^^^
  159 |   const normalized = query.toLowerCase().trim();
  160 |   if (!normalized) return 1;
  161 |

Ecmascript file had an error

Import trace:
  Server Component:
    ./lib/server-directory.ts
    ./app/schools/[slug]/page.tsx @ http://localhost:3000/_next/static/chunks/node_modules_next_dist_115brz8._.js:3272
[ 1628697ms] [ERROR] ./lib/server-directory.ts:158:10
the name `scoreMatch` is defined multiple times
  156 | }
  157 |
> 158 | function scoreMatch(query: string, target: string, aliases: string[...
      |          ^^^^^^^^^^
  159 |   const normalized = query.toLowerCase().trim();
  160 |   if (!normalized) return 1;
  161 |

Ecmascript file had an error

Import trace:
  Server Component:
    ./lib/server-directory.ts
    ./app/schools/[slug]/page.tsx @ http://localhost:3000/_next/static/chunks/node_modules_next_dist_115brz8._.js:3272
[ 1628760ms] [ERROR] ./lib/server-directory.ts:158:10
the name `scoreMatch` is defined multiple times
  156 | }
  157 |
> 158 | function scoreMatch(query: string, target: string, aliases: string[...
      |          ^^^^^^^^^^
  159 |   const normalized = query.toLowerCase().trim();
  160 |   if (!normalized) return 1;
  161 |

Ecmascript file had an error

Import trace:
  Server Component:
    ./lib/server-directory.ts
    ./app/schools/[slug]/page.tsx @ http://localhost:3000/_next/static/chunks/node_modules_next_dist_115brz8._.js:3272
[ 1628822ms] [ERROR] ./lib/server-directory.ts:158:10
the name `scoreMatch` is defined multiple times
  156 | }
  157 |
> 158 | function scoreMatch(query: string, target: string, aliases: string[...
      |          ^^^^^^^^^^
  159 |   const normalized = query.toLowerCase().trim();
  160 |   if (!normalized) return 1;
  161 |

Ecmascript file had an error

Import trace:
  Server Component:
    ./lib/server-directory.ts
    ./app/schools/[slug]/page.tsx @ http://localhost:3000/_next/static/chunks/node_modules_next_dist_115brz8._.js:3272
[ 1628885ms] [ERROR] ./lib/server-directory.ts:158:10
the name `scoreMatch` is defined multiple times
  156 | }
  157 |
> 158 | function scoreMatch(query: string, target: string, aliases: string[...
      |          ^^^^^^^^^^
  159 |   const normalized = query.toLowerCase().trim();
  160 |   if (!normalized) return 1;
  161 |

Ecmascript file had an error

Import trace:
  Server Component:
    ./lib/server-directory.ts
    ./app/schools/[slug]/page.tsx @ http://localhost:3000/_next/static/chunks/node_modules_next_dist_115brz8._.js:3272
[ 1628947ms] [ERROR] ./lib/server-directory.ts:158:10
the name `scoreMatch` is defined multiple times
  156 | }
  157 |
> 158 | function scoreMatch(query: string, target: string, aliases: string[...
      |          ^^^^^^^^^^
  159 |   const normalized = query.toLowerCase().trim();
  160 |   if (!normalized) return 1;
  161 |

Ecmascript file had an error

Import trace:
  Server Component:
    ./lib/server-directory.ts
    ./app/schools/[slug]/page.tsx @ http://localhost:3000/_next/static/chunks/node_modules_next_dist_115brz8._.js:3272
[ 1629010ms] [ERROR] ./lib/server-directory.ts:158:10
the name `scoreMatch` is defined multiple times
  156 | }
  157 |
> 158 | function scoreMatch(query: string, target: string, aliases: string[...
      |          ^^^^^^^^^^
  159 |   const normalized = query.toLowerCase().trim();
  160 |   if (!normalized) return 1;
  161 |

Ecmascript file had an error

Import trace:
  Server Component:
    ./lib/server-directory.ts
    ./app/schools/[slug]/page.tsx @ http://localhost:3000/_next/static/chunks/node_modules_next_dist_115brz8._.js:3272
[ 1629071ms] [ERROR] ./lib/server-directory.ts:158:10
the name `scoreMatch` is defined multiple times
  156 | }
  157 |
> 158 | function scoreMatch(query: string, target: string, aliases: string[...
      |          ^^^^^^^^^^
  159 |   const normalized = query.toLowerCase().trim();
  160 |   if (!normalized) return 1;
  161 |

Ecmascript file had an error

Import trace:
  Server Component:
    ./lib/server-directory.ts
    ./app/schools/[slug]/page.tsx @ http://localhost:3000/_next/static/chunks/node_modules_next_dist_115brz8._.js:3272
[ 1629134ms] [ERROR] ./lib/server-directory.ts:158:10
the name `scoreMatch` is defined multiple times
  156 | }
  157 |
> 158 | function scoreMatch(query: string, target: string, aliases: string[...
      |          ^^^^^^^^^^
  159 |   const normalized = query.toLowerCase().trim();
  160 |   if (!normalized) return 1;
  161 |

Ecmascript file had an error

Import trace:
  Server Component:
    ./lib/server-directory.ts
    ./app/schools/[slug]/page.tsx @ http://localhost:3000/_next/static/chunks/node_modules_next_dist_115brz8._.js:3272
[ 1629197ms] [ERROR] ./lib/server-directory.ts:158:10
the name `scoreMatch` is defined multiple times
  156 | }
  157 |
> 158 | function scoreMatch(query: string, target: string, aliases: string[...
      |          ^^^^^^^^^^
  159 |   const normalized = query.toLowerCase().trim();
  160 |   if (!normalized) return 1;
  161 |

Ecmascript file had an error

Import trace:
  Server Component:
    ./lib/server-directory.ts
    ./app/schools/[slug]/page.tsx @ http://localhost:3000/_next/static/chunks/node_modules_next_dist_115brz8._.js:3272
[ 1629261ms] [ERROR] ./lib/server-directory.ts:158:10
the name `scoreMatch` is defined multiple times
  156 | }
  157 |
> 158 | function scoreMatch(query: string, target: string, aliases: string[...
      |          ^^^^^^^^^^
  159 |   const normalized = query.toLowerCase().trim();
  160 |   if (!normalized) return 1;
  161 |

Ecmascript file had an error

Import trace:
  Server Component:
    ./lib/server-directory.ts
    ./app/schools/[slug]/page.tsx @ http://localhost:3000/_next/static/chunks/node_modules_next_dist_115brz8._.js:3272
[ 1629324ms] [ERROR] ./lib/server-directory.ts:158:10
the name `scoreMatch` is defined multiple times
  156 | }
  157 |
> 158 | function scoreMatch(query: string, target: string, aliases: string[...
      |          ^^^^^^^^^^
  159 |   const normalized = query.toLowerCase().trim();
  160 |   if (!normalized) return 1;
  161 |

Ecmascript file had an error

Import trace:
  Server Component:
    ./lib/server-directory.ts
    ./app/schools/[slug]/page.tsx @ http://localhost:3000/_next/static/chunks/node_modules_next_dist_115brz8._.js:3272
[ 1629385ms] [ERROR] ./lib/server-directory.ts:158:10
the name `scoreMatch` is defined multiple times
  156 | }
  157 |
> 158 | function scoreMatch(query: string, target: string, aliases: string[...
      |          ^^^^^^^^^^
  159 |   const normalized = query.toLowerCase().trim();
  160 |   if (!normalized) return 1;
  161 |

Ecmascript file had an error

Import trace:
  Server Component:
    ./lib/server-directory.ts
    ./app/schools/[slug]/page.tsx @ http://localhost:3000/_next/static/chunks/node_modules_next_dist_115brz8._.js:3272
[ 1629449ms] [ERROR] ./lib/server-directory.ts:158:10
the name `scoreMatch` is defined multiple times
  156 | }
  157 |
> 158 | function scoreMatch(query: string, target: string, aliases: string[...
      |          ^^^^^^^^^^
  159 |   const normalized = query.toLowerCase().trim();
  160 |   if (!normalized) return 1;
  161 |

Ecmascript file had an error

Import trace:
  Server Component:
    ./lib/server-directory.ts
    ./app/schools/[slug]/page.tsx @ http://localhost:3000/_next/static/chunks/node_modules_next_dist_115brz8._.js:3272
[ 1629502ms] [ERROR] ./lib/server-directory.ts:158:10
the name `scoreMatch` is defined multiple times
  156 | }
  157 |
> 158 | function scoreMatch(query: string, target: string, aliases: string[...
      |          ^^^^^^^^^^
  159 |   const normalized = query.toLowerCase().trim();
  160 |   if (!normalized) return 1;
  161 |

Ecmascript file had an error

Import trace:
  Server Component:
    ./lib/server-directory.ts
    ./app/schools/[slug]/page.tsx @ http://localhost:3000/_next/static/chunks/node_modules_next_dist_115brz8._.js:3272
[ 1629569ms] [LOG] [Fast Refresh] rebuilding @ http://localhost:3000/_next/static/chunks/node_modules_next_dist_115brz8._.js:2431
[ 1629676ms] [LOG] [Fast Refresh] done in 160ms @ http://localhost:3000/_next/static/chunks/node_modules_next_dist_115brz8._.js:2431
[ 1629789ms] [LOG] [Fast Refresh] rebuilding @ http://localhost:3000/_next/static/chunks/node_modules_next_dist_115brz8._.js:2431
[ 1630088ms] [LOG] [Fast Refresh] done in 405ms @ http://localhost:3000/_next/static/chunks/node_modules_next_dist_115brz8._.js:2431
[ 1630200ms] [LOG] [Fast Refresh] rebuilding @ http://localhost:3000/_next/static/chunks/node_modules_next_dist_115brz8._.js:2431
[ 1630208ms] [LOG] [Fast Refresh] done in 109ms @ http://localhost:3000/_next/static/chunks/node_modules_next_dist_115brz8._.js:2431
[ 1630310ms] [LOG] [Fast Refresh] rebuilding @ http://localhost:3000/_next/static/chunks/node_modules_next_dist_115brz8._.js:2431
[ 1630330ms] [LOG] [Fast Refresh] done in 120ms @ http://localhost:3000/_next/static/chunks/node_modules_next_dist_115brz8._.js:2431
[ 1630434ms] [LOG] [Fast Refresh] rebuilding @ http://localhost:3000/_next/static/chunks/node_modules_next_dist_115brz8._.js:2431
[ 1630445ms] [LOG] [Fast Refresh] done in 112ms @ http://localhost:3000/_next/static/chunks/node_modules_next_dist_115brz8._.js:2431
[ 1630634ms] [LOG] [Fast Refresh] rebuilding @ http://localhost:3000/_next/static/chunks/node_modules_next_dist_115brz8._.js:2431
[ 1630676ms] [LOG] [Fast Refresh] done in 145ms @ http://localhost:3000/_next/static/chunks/node_modules_next_dist_115brz8._.js:2431
[ 1630784ms] [LOG] [Fast Refresh] rebuilding @ http://localhost:3000/_next/static/chunks/node_modules_next_dist_115brz8._.js:2431
[ 1630831ms] [LOG] [Fast Refresh] done in 155ms @ http://localhost:3000/_next/static/chunks/node_modules_next_dist_115brz8._.js:2431
[ 1630934ms] [LOG] [Fast Refresh] rebuilding @ http://localhost:3000/_next/static/chunks/node_modules_next_dist_115brz8._.js:2431
[ 1630952ms] [LOG] [Fast Refresh] done in 121ms @ http://localhost:3000/_next/static/chunks/node_modules_next_dist_115brz8._.js:2431
[ 1631053ms] [LOG] [Fast Refresh] rebuilding @ http://localhost:3000/_next/static/chunks/node_modules_next_dist_115brz8._.js:2431
[ 1631119ms] [LOG] [Fast Refresh] done in 166ms @ http://localhost:3000/_next/static/chunks/node_modules_next_dist_115brz8._.js:2431
[ 1631234ms] [LOG] [Fast Refresh] rebuilding @ http://localhost:3000/_next/static/chunks/node_modules_next_dist_115brz8._.js:2431
[ 1631281ms] [LOG] [Fast Refresh] done in 152ms @ http://localhost:3000/_next/static/chunks/node_modules_next_dist_115brz8._.js:2431
[ 1631383ms] [LOG] [Fast Refresh] rebuilding @ http://localhost:3000/_next/static/chunks/node_modules_next_dist_115brz8._.js:2431
[ 1631448ms] [LOG] [Fast Refresh] done in 166ms @ http://localhost:3000/_next/static/chunks/node_modules_next_dist_115brz8._.js:2431
[ 1632483ms] [LOG] [Fast Refresh] rebuilding @ http://localhost:3000/_next/static/chunks/node_modules_next_dist_115brz8._.js:2431
[ 1632644ms] [LOG] [Fast Refresh] done in 35ms @ http://localhost:3000/_next/static/chunks/node_modules_next_dist_115brz8._.js:2431
[ 1644659ms] [LOG] [Fast Refresh] rebuilding @ http://localhost:3000/_next/static/chunks/node_modules_next_dist_115brz8._.js:2431
[ 1644849ms] [LOG] [Fast Refresh] done in 30ms @ http://localhost:3000/_next/static/chunks/node_modules_next_dist_115brz8._.js:2431
[ 1661590ms] [LOG] [Fast Refresh] rebuilding @ http://localhost:3000/_next/static/chunks/node_modules_next_dist_115brz8._.js:2431
[ 1661773ms] [LOG] [Fast Refresh] done in 28ms @ http://localhost:3000/_next/static/chunks/node_modules_next_dist_115brz8._.js:2431
[ 1685491ms] [LOG] [Fast Refresh] rebuilding @ http://localhost:3000/_next/static/chunks/node_modules_next_dist_115brz8._.js:2431
[ 1685698ms] [LOG] [Fast Refresh] done in 27ms @ http://localhost:3000/_next/static/chunks/node_modules_next_dist_115brz8._.js:2431
[ 1695722ms] [LOG] [Fast Refresh] rebuilding @ http://localhost:3000/_next/static/chunks/node_modules_next_dist_115brz8._.js:2431
[ 1695915ms] [LOG] [Fast Refresh] done in 31ms @ http://localhost:3000/_next/static/chunks/node_modules_next_dist_115brz8._.js:2431
[ 1727849ms] [LOG] [Fast Refresh] rebuilding @ http://localhost:3000/_next/static/chunks/node_modules_next_dist_115brz8._.js:2431
[ 1728061ms] [LOG] [Fast Refresh] done in 67ms @ http://localhost:3000/_next/static/chunks/node_modules_next_dist_115brz8._.js:2431
[ 1729395ms] [LOG] [Fast Refresh] rebuilding @ http://localhost:3000/_next/static/chunks/node_modules_next_dist_115brz8._.js:2431
[ 1729570ms] [LOG] [Fast Refresh] done in 28ms @ http://localhost:3000/_next/static/chunks/node_modules_next_dist_115brz8._.js:2431
[ 1732559ms] [LOG] [Fast Refresh] rebuilding @ http://localhost:3000/_next/static/chunks/node_modules_next_dist_115brz8._.js:2431
[ 1732726ms] [LOG] [Fast Refresh] done in 28ms @ http://localhost:3000/_next/static/chunks/node_modules_next_dist_115brz8._.js:2431
[ 1741081ms] [LOG] [Fast Refresh] rebuilding @ http://localhost:3000/_next/static/chunks/node_modules_next_dist_115brz8._.js:2431
[ 1741258ms] [LOG] [Fast Refresh] done in 33ms @ http://localhost:3000/_next/static/chunks/node_modules_next_dist_115brz8._.js:2431
[ 1742218ms] [LOG] [Fast Refresh] rebuilding @ http://localhost:3000/_next/static/chunks/node_modules_next_dist_115brz8._.js:2431
[ 1742395ms] [LOG] [Fast Refresh] done in 26ms @ http://localhost:3000/_next/static/chunks/node_modules_next_dist_115brz8._.js:2431
[ 1808529ms] [LOG] [Fast Refresh] rebuilding @ http://localhost:3000/_next/static/chunks/node_modules_next_dist_115brz8._.js:2431
[ 1808590ms] [LOG] [Fast Refresh] done in 44ms @ http://localhost:3000/_next/static/chunks/node_modules_next_dist_115brz8._.js:2431
[ 1809544ms] [LOG] [Fast Refresh] rebuilding @ http://localhost:3000/_next/static/chunks/node_modules_next_dist_115brz8._.js:2431
[ 1809611ms] [LOG] [Fast Refresh] done in 40ms @ http://localhost:3000/_next/static/chunks/node_modules_next_dist_115brz8._.js:2431
[ 1811317ms] [LOG] [Fast Refresh] rebuilding @ http://localhost:3000/_next/static/chunks/node_modules_next_dist_115brz8._.js:2431
[ 1811377ms] [LOG] [Fast Refresh] done in 48ms @ http://localhost:3000/_next/static/chunks/node_modules_next_dist_115brz8._.js:2431
[ 1813194ms] [LOG] [Fast Refresh] rebuilding @ http://localhost:3000/_next/static/chunks/node_modules_next_dist_115brz8._.js:2431
[ 1813252ms] [LOG] [Fast Refresh] done in 65ms @ http://localhost:3000/_next/static/chunks/node_modules_next_dist_115brz8._.js:2431
[ 1818531ms] [ERROR] ./lib/server-directory.ts:331:4
Expected ';', got ')'
  329 |       searchScope: "directory" as const,
  330 |     },
> 331 |   }));
      |    ^
  332 | }
  333 |
  334 | function buildCatalogSearchHits(schoolSlug?: string): SearchHit[] {

Parsing ecmascript source code failed

Import trace:
  Server Component:
    ./lib/server-directory.ts
    ./app/schools/[slug]/page.tsx @ http://localhost:3000/_next/static/chunks/node_modules_next_dist_115brz8._.js:3272
[ 1818593ms] [ERROR] ./lib/server-directory.ts:331:4
Expected ';', got ')'
  329 |       searchScope: "directory" as const,
  330 |     },
> 331 |   }));
      |    ^
  332 | }
  333 |
  334 | function buildCatalogSearchHits(schoolSlug?: string): SearchHit[] {

Parsing ecmascript source code failed

Import trace:
  Server Component:
    ./lib/server-directory.ts
    ./app/schools/[slug]/page.tsx @ http://localhost:3000/_next/static/chunks/node_modules_next_dist_115brz8._.js:3272
[ 1818657ms] [ERROR] ./lib/server-directory.ts:331:4
Expected ';', got ')'
  329 |       searchScope: "directory" as const,
  330 |     },
> 331 |   }));
      |    ^
  332 | }
  333 |
  334 | function buildCatalogSearchHits(schoolSlug?: string): SearchHit[] {

Parsing ecmascript source code failed

Import trace:
  Server Component:
    ./lib/server-directory.ts
    ./app/schools/[slug]/page.tsx @ http://localhost:3000/_next/static/chunks/node_modules_next_dist_115brz8._.js:3272
[ 1818720ms] [ERROR] ./lib/server-directory.ts:331:4
Expected ';', got ')'
  329 |       searchScope: "directory" as const,
  330 |     },
> 331 |   }));
      |    ^
  332 | }
  333 |
  334 | function buildCatalogSearchHits(schoolSlug?: string): SearchHit[] {

Parsing ecmascript source code failed

Import trace:
  Server Component:
    ./lib/server-directory.ts
    ./app/schools/[slug]/page.tsx @ http://localhost:3000/_next/static/chunks/node_modules_next_dist_115brz8._.js:3272
[ 1818783ms] [ERROR] ./lib/server-directory.ts:331:4
Expected ';', got ')'
  329 |       searchScope: "directory" as const,
  330 |     },
> 331 |   }));
      |    ^
  332 | }
  333 |
  334 | function buildCatalogSearchHits(schoolSlug?: string): SearchHit[] {

Parsing ecmascript source code failed

Import trace:
  Server Component:
    ./lib/server-directory.ts
    ./app/schools/[slug]/page.tsx @ http://localhost:3000/_next/static/chunks/node_modules_next_dist_115brz8._.js:3272
[ 1818847ms] [ERROR] ./lib/server-directory.ts:331:4
Expected ';', got ')'
  329 |       searchScope: "directory" as const,
  330 |     },
> 331 |   }));
      |    ^
  332 | }
  333 |
  334 | function buildCatalogSearchHits(schoolSlug?: string): SearchHit[] {

Parsing ecmascript source code failed

Import trace:
  Server Component:
    ./lib/server-directory.ts
    ./app/schools/[slug]/page.tsx @ http://localhost:3000/_next/static/chunks/node_modules_next_dist_115brz8._.js:3272
[ 1818909ms] [ERROR] ./lib/server-directory.ts:331:4
Expected ';', got ')'
  329 |       searchScope: "directory" as const,
  330 |     },
> 331 |   }));
      |    ^
  332 | }
  333 |
  334 | function buildCatalogSearchHits(schoolSlug?: string): SearchHit[] {

Parsing ecmascript source code failed

Import trace:
  Server Component:
    ./lib/server-directory.ts
    ./app/schools/[slug]/page.tsx @ http://localhost:3000/_next/static/chunks/node_modules_next_dist_115brz8._.js:3272
[ 1818972ms] [ERROR] ./lib/server-directory.ts:331:4
Expected ';', got ')'
  329 |       searchScope: "directory" as const,
  330 |     },
> 331 |   }));
      |    ^
  332 | }
  333 |
  334 | function buildCatalogSearchHits(schoolSlug?: string): SearchHit[] {

Parsing ecmascript source code failed

Import trace:
  Server Component:
    ./lib/server-directory.ts
    ./app/schools/[slug]/page.tsx @ http://localhost:3000/_next/static/chunks/node_modules_next_dist_115brz8._.js:3272
[ 1819036ms] [ERROR] ./lib/server-directory.ts:331:4
Expected ';', got ')'
  329 |       searchScope: "directory" as const,
  330 |     },
> 331 |   }));
      |    ^
  332 | }
  333 |
  334 | function buildCatalogSearchHits(schoolSlug?: string): SearchHit[] {

Parsing ecmascript source code failed

Import trace:
  Server Component:
    ./lib/server-directory.ts
    ./app/schools/[slug]/page.tsx @ http://localhost:3000/_next/static/chunks/node_modules_next_dist_115brz8._.js:3272
[ 1819099ms] [ERROR] ./lib/server-directory.ts:331:4
Expected ';', got ')'
  329 |       searchScope: "directory" as const,
  330 |     },
> 331 |   }));
      |    ^
  332 | }
  333 |
  334 | function buildCatalogSearchHits(schoolSlug?: string): SearchHit[] {

Parsing ecmascript source code failed

Import trace:
  Server Component:
    ./lib/server-directory.ts
    ./app/schools/[slug]/page.tsx @ http://localhost:3000/_next/static/chunks/node_modules_next_dist_115brz8._.js:3272
[ 1819163ms] [ERROR] ./lib/server-directory.ts:331:4
Expected ';', got ')'
  329 |       searchScope: "directory" as const,
  330 |     },
> 331 |   }));
      |    ^
  332 | }
  333 |
  334 | function buildCatalogSearchHits(schoolSlug?: string): SearchHit[] {

Parsing ecmascript source code failed

Import trace:
  Server Component:
    ./lib/server-directory.ts
    ./app/schools/[slug]/page.tsx @ http://localhost:3000/_next/static/chunks/node_modules_next_dist_115brz8._.js:3272
[ 1819226ms] [ERROR] ./lib/server-directory.ts:331:4
Expected ';', got ')'
  329 |       searchScope: "directory" as const,
  330 |     },
> 331 |   }));
      |    ^
  332 | }
  333 |
  334 | function buildCatalogSearchHits(schoolSlug?: string): SearchHit[] {

Parsing ecmascript source code failed

Import trace:
  Server Component:
    ./lib/server-directory.ts
    ./app/schools/[slug]/page.tsx @ http://localhost:3000/_next/static/chunks/node_modules_next_dist_115brz8._.js:3272
[ 1819289ms] [ERROR] ./lib/server-directory.ts:331:4
Expected ';', got ')'
  329 |       searchScope: "directory" as const,
  330 |     },
> 331 |   }));
      |    ^
  332 | }
  333 |
  334 | function buildCatalogSearchHits(schoolSlug?: string): SearchHit[] {

Parsing ecmascript source code failed

Import trace:
  Server Component:
    ./lib/server-directory.ts
    ./app/schools/[slug]/page.tsx @ http://localhost:3000/_next/static/chunks/node_modules_next_dist_115brz8._.js:3272
[ 1819353ms] [ERROR] ./lib/server-directory.ts:331:4
Expected ';', got ')'
  329 |       searchScope: "directory" as const,
  330 |     },
> 331 |   }));
      |    ^
  332 | }
  333 |
  334 | function buildCatalogSearchHits(schoolSlug?: string): SearchHit[] {

Parsing ecmascript source code failed

Import trace:
  Server Component:
    ./lib/server-directory.ts
    ./app/schools/[slug]/page.tsx @ http://localhost:3000/_next/static/chunks/node_modules_next_dist_115brz8._.js:3272
[ 1819417ms] [ERROR] ./lib/server-directory.ts:331:4
Expected ';', got ')'
  329 |       searchScope: "directory" as const,
  330 |     },
> 331 |   }));
      |    ^
  332 | }
  333 |
  334 | function buildCatalogSearchHits(schoolSlug?: string): SearchHit[] {

Parsing ecmascript source code failed

Import trace:
  Server Component:
    ./lib/server-directory.ts
    ./app/schools/[slug]/page.tsx @ http://localhost:3000/_next/static/chunks/node_modules_next_dist_115brz8._.js:3272
[ 1819480ms] [ERROR] ./lib/server-directory.ts:331:4
Expected ';', got ')'
  329 |       searchScope: "directory" as const,
  330 |     },
> 331 |   }));
      |    ^
  332 | }
  333 |
  334 | function buildCatalogSearchHits(schoolSlug?: string): SearchHit[] {

Parsing ecmascript source code failed

Import trace:
  Server Component:
    ./lib/server-directory.ts
    ./app/schools/[slug]/page.tsx @ http://localhost:3000/_next/static/chunks/node_modules_next_dist_115brz8._.js:3272
[ 1819544ms] [ERROR] ./lib/server-directory.ts:331:4
Expected ';', got ')'
  329 |       searchScope: "directory" as const,
  330 |     },
> 331 |   }));
      |    ^
  332 | }
  333 |
  334 | function buildCatalogSearchHits(schoolSlug?: string): SearchHit[] {

Parsing ecmascript source code failed

Import trace:
  Server Component:
    ./lib/server-directory.ts
    ./app/schools/[slug]/page.tsx @ http://localhost:3000/_next/static/chunks/node_modules_next_dist_115brz8._.js:3272
[ 1819606ms] [ERROR] ./lib/server-directory.ts:331:4
Expected ';', got ')'
  329 |       searchScope: "directory" as const,
  330 |     },
> 331 |   }));
      |    ^
  332 | }
  333 |
  334 | function buildCatalogSearchHits(schoolSlug?: string): SearchHit[] {

Parsing ecmascript source code failed

Import trace:
  Server Component:
    ./lib/server-directory.ts
    ./app/schools/[slug]/page.tsx @ http://localhost:3000/_next/static/chunks/node_modules_next_dist_115brz8._.js:3272
[ 1819669ms] [ERROR] ./lib/server-directory.ts:331:4
Expected ';', got ')'
  329 |       searchScope: "directory" as const,
  330 |     },
> 331 |   }));
      |    ^
  332 | }
  333 |
  334 | function buildCatalogSearchHits(schoolSlug?: string): SearchHit[] {

Parsing ecmascript source code failed

Import trace:
  Server Component:
    ./lib/server-directory.ts
    ./app/schools/[slug]/page.tsx @ http://localhost:3000/_next/static/chunks/node_modules_next_dist_115brz8._.js:3272
[ 1819731ms] [ERROR] ./lib/server-directory.ts:331:4
Expected ';', got ')'
  329 |       searchScope: "directory" as const,
  330 |     },
> 331 |   }));
      |    ^
  332 | }
  333 |
  334 | function buildCatalogSearchHits(schoolSlug?: string): SearchHit[] {

Parsing ecmascript source code failed

Import trace:
  Server Component:
    ./lib/server-directory.ts
    ./app/schools/[slug]/page.tsx @ http://localhost:3000/_next/static/chunks/node_modules_next_dist_115brz8._.js:3272
[ 1819793ms] [ERROR] ./lib/server-directory.ts:331:4
Expected ';', got ')'
  329 |       searchScope: "directory" as const,
  330 |     },
> 331 |   }));
      |    ^
  332 | }
  333 |
  334 | function buildCatalogSearchHits(schoolSlug?: string): SearchHit[] {

Parsing ecmascript source code failed

Import trace:
  Server Component:
    ./lib/server-directory.ts
    ./app/schools/[slug]/page.tsx @ http://localhost:3000/_next/static/chunks/node_modules_next_dist_115brz8._.js:3272
[ 1819856ms] [ERROR] ./lib/server-directory.ts:331:4
Expected ';', got ')'
  329 |       searchScope: "directory" as const,
  330 |     },
> 331 |   }));
      |    ^
  332 | }
  333 |
  334 | function buildCatalogSearchHits(schoolSlug?: string): SearchHit[] {

Parsing ecmascript source code failed

Import trace:
  Server Component:
    ./lib/server-directory.ts
    ./app/schools/[slug]/page.tsx @ http://localhost:3000/_next/static/chunks/node_modules_next_dist_115brz8._.js:3272
[ 1819920ms] [ERROR] ./lib/server-directory.ts:331:4
Expected ';', got ')'
  329 |       searchScope: "directory" as const,
  330 |     },
> 331 |   }));
      |    ^
  332 | }
  333 |
  334 | function buildCatalogSearchHits(schoolSlug?: string): SearchHit[] {

Parsing ecmascript source code failed

Import trace:
  Server Component:
    ./lib/server-directory.ts
    ./app/schools/[slug]/page.tsx @ http://localhost:3000/_next/static/chunks/node_modules_next_dist_115brz8._.js:3272
[ 1819983ms] [ERROR] ./lib/server-directory.ts:331:4
Expected ';', got ')'
  329 |       searchScope: "directory" as const,
  330 |     },
> 331 |   }));
      |    ^
  332 | }
  333 |
  334 | function buildCatalogSearchHits(schoolSlug?: string): SearchHit[] {

Parsing ecmascript source code failed

Import trace:
  Server Component:
    ./lib/server-directory.ts
    ./app/schools/[slug]/page.tsx @ http://localhost:3000/_next/static/chunks/node_modules_next_dist_115brz8._.js:3272
[ 1820046ms] [ERROR] ./lib/server-directory.ts:331:4
Expected ';', got ')'
  329 |       searchScope: "directory" as const,
  330 |     },
> 331 |   }));
      |    ^
  332 | }
  333 |
  334 | function buildCatalogSearchHits(schoolSlug?: string): SearchHit[] {

Parsing ecmascript source code failed

Import trace:
  Server Component:
    ./lib/server-directory.ts
    ./app/schools/[slug]/page.tsx @ http://localhost:3000/_next/static/chunks/node_modules_next_dist_115brz8._.js:3272
[ 1820108ms] [ERROR] ./lib/server-directory.ts:331:4
Expected ';', got ')'
  329 |       searchScope: "directory" as const,
  330 |     },
> 331 |   }));
      |    ^
  332 | }
  333 |
  334 | function buildCatalogSearchHits(schoolSlug?: string): SearchHit[] {

Parsing ecmascript source code failed

Import trace:
  Server Component:
    ./lib/server-directory.ts
    ./app/schools/[slug]/page.tsx @ http://localhost:3000/_next/static/chunks/node_modules_next_dist_115brz8._.js:3272
[ 1820171ms] [ERROR] ./lib/server-directory.ts:331:4
Expected ';', got ')'
  329 |       searchScope: "directory" as const,
  330 |     },
> 331 |   }));
      |    ^
  332 | }
  333 |
  334 | function buildCatalogSearchHits(schoolSlug?: string): SearchHit[] {

Parsing ecmascript source code failed

Import trace:
  Server Component:
    ./lib/server-directory.ts
    ./app/schools/[slug]/page.tsx @ http://localhost:3000/_next/static/chunks/node_modules_next_dist_115brz8._.js:3272
[ 1820234ms] [ERROR] ./lib/server-directory.ts:331:4
Expected ';', got ')'
  329 |       searchScope: "directory" as const,
  330 |     },
> 331 |   }));
      |    ^
  332 | }
  333 |
  334 | function buildCatalogSearchHits(schoolSlug?: string): SearchHit[] {

Parsing ecmascript source code failed

Import trace:
  Server Component:
    ./lib/server-directory.ts
    ./app/schools/[slug]/page.tsx @ http://localhost:3000/_next/static/chunks/node_modules_next_dist_115brz8._.js:3272
[ 1820298ms] [ERROR] ./lib/server-directory.ts:331:4
Expected ';', got ')'
  329 |       searchScope: "directory" as const,
  330 |     },
> 331 |   }));
      |    ^
  332 | }
  333 |
  334 | function buildCatalogSearchHits(schoolSlug?: string): SearchHit[] {

Parsing ecmascript source code failed

Import trace:
  Server Component:
    ./lib/server-directory.ts
    ./app/schools/[slug]/page.tsx @ http://localhost:3000/_next/static/chunks/node_modules_next_dist_115brz8._.js:3272
[ 1820359ms] [ERROR] ./lib/server-directory.ts:331:4
Expected ';', got ')'
  329 |       searchScope: "directory" as const,
  330 |     },
> 331 |   }));
      |    ^
  332 | }
  333 |
  334 | function buildCatalogSearchHits(schoolSlug?: string): SearchHit[] {

Parsing ecmascript source code failed

Import trace:
  Server Component:
    ./lib/server-directory.ts
    ./app/schools/[slug]/page.tsx @ http://localhost:3000/_next/static/chunks/node_modules_next_dist_115brz8._.js:3272
[ 1820423ms] [ERROR] ./lib/server-directory.ts:331:4
Expected ';', got ')'
  329 |       searchScope: "directory" as const,
  330 |     },
> 331 |   }));
      |    ^
  332 | }
  333 |
  334 | function buildCatalogSearchHits(schoolSlug?: string): SearchHit[] {

Parsing ecmascript source code failed

Import trace:
  Server Component:
    ./lib/server-directory.ts
    ./app/schools/[slug]/page.tsx @ http://localhost:3000/_next/static/chunks/node_modules_next_dist_115brz8._.js:3272
[ 1820487ms] [ERROR] ./lib/server-directory.ts:331:4
Expected ';', got ')'
  329 |       searchScope: "directory" as const,
  330 |     },
> 331 |   }));
      |    ^
  332 | }
  333 |
  334 | function buildCatalogSearchHits(schoolSlug?: string): SearchHit[] {

Parsing ecmascript source code failed

Import trace:
  Server Component:
    ./lib/server-directory.ts
    ./app/schools/[slug]/page.tsx @ http://localhost:3000/_next/static/chunks/node_modules_next_dist_115brz8._.js:3272
[ 1820549ms] [ERROR] ./lib/server-directory.ts:331:4
Expected ';', got ')'
  329 |       searchScope: "directory" as const,
  330 |     },
> 331 |   }));
      |    ^
  332 | }
  333 |
  334 | function buildCatalogSearchHits(schoolSlug?: string): SearchHit[] {

Parsing ecmascript source code failed

Import trace:
  Server Component:
    ./lib/server-directory.ts
    ./app/schools/[slug]/page.tsx @ http://localhost:3000/_next/static/chunks/node_modules_next_dist_115brz8._.js:3272
[ 1820612ms] [ERROR] ./lib/server-directory.ts:331:4
Expected ';', got ')'
  329 |       searchScope: "directory" as const,
  330 |     },
> 331 |   }));
      |    ^
  332 | }
  333 |
  334 | function buildCatalogSearchHits(schoolSlug?: string): SearchHit[] {

Parsing ecmascript source code failed

Import trace:
  Server Component:
    ./lib/server-directory.ts
    ./app/schools/[slug]/page.tsx @ http://localhost:3000/_next/static/chunks/node_modules_next_dist_115brz8._.js:3272
[ 1820673ms] [ERROR] ./lib/server-directory.ts:331:4
Expected ';', got ')'
  329 |       searchScope: "directory" as const,
  330 |     },
> 331 |   }));
      |    ^
  332 | }
  333 |
  334 | function buildCatalogSearchHits(schoolSlug?: string): SearchHit[] {

Parsing ecmascript source code failed

Import trace:
  Server Component:
    ./lib/server-directory.ts
    ./app/schools/[slug]/page.tsx @ http://localhost:3000/_next/static/chunks/node_modules_next_dist_115brz8._.js:3272
[ 1820737ms] [ERROR] ./lib/server-directory.ts:331:4
Expected ';', got ')'
  329 |       searchScope: "directory" as const,
  330 |     },
> 331 |   }));
      |    ^
  332 | }
  333 |
  334 | function buildCatalogSearchHits(schoolSlug?: string): SearchHit[] {

Parsing ecmascript source code failed

Import trace:
  Server Component:
    ./lib/server-directory.ts
    ./app/schools/[slug]/page.tsx @ http://localhost:3000/_next/static/chunks/node_modules_next_dist_115brz8._.js:3272
[ 1820799ms] [ERROR] ./lib/server-directory.ts:331:4
Expected ';', got ')'
  329 |       searchScope: "directory" as const,
  330 |     },
> 331 |   }));
      |    ^
  332 | }
  333 |
  334 | function buildCatalogSearchHits(schoolSlug?: string): SearchHit[] {

Parsing ecmascript source code failed

Import trace:
  Server Component:
    ./lib/server-directory.ts
    ./app/schools/[slug]/page.tsx @ http://localhost:3000/_next/static/chunks/node_modules_next_dist_115brz8._.js:3272
[ 1820862ms] [ERROR] ./lib/server-directory.ts:331:4
Expected ';', got ')'
  329 |       searchScope: "directory" as const,
  330 |     },
> 331 |   }));
      |    ^
  332 | }
  333 |
  334 | function buildCatalogSearchHits(schoolSlug?: string): SearchHit[] {

Parsing ecmascript source code failed

Import trace:
  Server Component:
    ./lib/server-directory.ts
    ./app/schools/[slug]/page.tsx @ http://localhost:3000/_next/static/chunks/node_modules_next_dist_115brz8._.js:3272
[ 1820925ms] [ERROR] ./lib/server-directory.ts:331:4
Expected ';', got ')'
  329 |       searchScope: "directory" as const,
  330 |     },
> 331 |   }));
      |    ^
  332 | }
  333 |
  334 | function buildCatalogSearchHits(schoolSlug?: string): SearchHit[] {

Parsing ecmascript source code failed

Import trace:
  Server Component:
    ./lib/server-directory.ts
    ./app/schools/[slug]/page.tsx @ http://localhost:3000/_next/static/chunks/node_modules_next_dist_115brz8._.js:3272
[ 1820987ms] [ERROR] ./lib/server-directory.ts:331:4
Expected ';', got ')'
  329 |       searchScope: "directory" as const,
  330 |     },
> 331 |   }));
      |    ^
  332 | }
  333 |
  334 | function buildCatalogSearchHits(schoolSlug?: string): SearchHit[] {

Parsing ecmascript source code failed

Import trace:
  Server Component:
    ./lib/server-directory.ts
    ./app/schools/[slug]/page.tsx @ http://localhost:3000/_next/static/chunks/node_modules_next_dist_115brz8._.js:3272
[ 1821050ms] [ERROR] ./lib/server-directory.ts:331:4
Expected ';', got ')'
  329 |       searchScope: "directory" as const,
  330 |     },
> 331 |   }));
      |    ^
  332 | }
  333 |
  334 | function buildCatalogSearchHits(schoolSlug?: string): SearchHit[] {

Parsing ecmascript source code failed

Import trace:
  Server Component:
    ./lib/server-directory.ts
    ./app/schools/[slug]/page.tsx @ http://localhost:3000/_next/static/chunks/node_modules_next_dist_115brz8._.js:3272
[ 1821112ms] [ERROR] ./lib/server-directory.ts:331:4
Expected ';', got ')'
  329 |       searchScope: "directory" as const,
  330 |     },
> 331 |   }));
      |    ^
  332 | }
  333 |
  334 | function buildCatalogSearchHits(schoolSlug?: string): SearchHit[] {

Parsing ecmascript source code failed

Import trace:
  Server Component:
    ./lib/server-directory.ts
    ./app/schools/[slug]/page.tsx @ http://localhost:3000/_next/static/chunks/node_modules_next_dist_115brz8._.js:3272
[ 1821175ms] [ERROR] ./lib/server-directory.ts:331:4
Expected ';', got ')'
  329 |       searchScope: "directory" as const,
  330 |     },
> 331 |   }));
      |    ^
  332 | }
  333 |
  334 | function buildCatalogSearchHits(schoolSlug?: string): SearchHit[] {

Parsing ecmascript source code failed

Import trace:
  Server Component:
    ./lib/server-directory.ts
    ./app/schools/[slug]/page.tsx @ http://localhost:3000/_next/static/chunks/node_modules_next_dist_115brz8._.js:3272
[ 1821238ms] [ERROR] ./lib/server-directory.ts:331:4
Expected ';', got ')'
  329 |       searchScope: "directory" as const,
  330 |     },
> 331 |   }));
      |    ^
  332 | }
  333 |
  334 | function buildCatalogSearchHits(schoolSlug?: string): SearchHit[] {

Parsing ecmascript source code failed

Import trace:
  Server Component:
    ./lib/server-directory.ts
    ./app/schools/[slug]/page.tsx @ http://localhost:3000/_next/static/chunks/node_modules_next_dist_115brz8._.js:3272
[ 1821301ms] [ERROR] ./lib/server-directory.ts:331:4
Expected ';', got ')'
  329 |       searchScope: "directory" as const,
  330 |     },
> 331 |   }));
      |    ^
  332 | }
  333 |
  334 | function buildCatalogSearchHits(schoolSlug?: string): SearchHit[] {

Parsing ecmascript source code failed

Import trace:
  Server Component:
    ./lib/server-directory.ts
    ./app/schools/[slug]/page.tsx @ http://localhost:3000/_next/static/chunks/node_modules_next_dist_115brz8._.js:3272
[ 1821365ms] [ERROR] ./lib/server-directory.ts:331:4
Expected ';', got ')'
  329 |       searchScope: "directory" as const,
  330 |     },
> 331 |   }));
      |    ^
  332 | }
  333 |
  334 | function buildCatalogSearchHits(schoolSlug?: string): SearchHit[] {

Parsing ecmascript source code failed

Import trace:
  Server Component:
    ./lib/server-directory.ts
    ./app/schools/[slug]/page.tsx @ http://localhost:3000/_next/static/chunks/node_modules_next_dist_115brz8._.js:3272
[ 1821427ms] [ERROR] ./lib/server-directory.ts:331:4
Expected ';', got ')'
  329 |       searchScope: "directory" as const,
  330 |     },
> 331 |   }));
      |    ^
  332 | }
  333 |
  334 | function buildCatalogSearchHits(schoolSlug?: string): SearchHit[] {

Parsing ecmascript source code failed

Import trace:
  Server Component:
    ./lib/server-directory.ts
    ./app/schools/[slug]/page.tsx @ http://localhost:3000/_next/static/chunks/node_modules_next_dist_115brz8._.js:3272
[ 1821490ms] [ERROR] ./lib/server-directory.ts:331:4
Expected ';', got ')'
  329 |       searchScope: "directory" as const,
  330 |     },
> 331 |   }));
      |    ^
  332 | }
  333 |
  334 | function buildCatalogSearchHits(schoolSlug?: string): SearchHit[] {

Parsing ecmascript source code failed

Import trace:
  Server Component:
    ./lib/server-directory.ts
    ./app/schools/[slug]/page.tsx @ http://localhost:3000/_next/static/chunks/node_modules_next_dist_115brz8._.js:3272
[ 1821554ms] [ERROR] ./lib/server-directory.ts:331:4
Expected ';', got ')'
  329 |       searchScope: "directory" as const,
  330 |     },
> 331 |   }));
      |    ^
  332 | }
  333 |
  334 | function buildCatalogSearchHits(schoolSlug?: string): SearchHit[] {

Parsing ecmascript source code failed

Import trace:
  Server Component:
    ./lib/server-directory.ts
    ./app/schools/[slug]/page.tsx @ http://localhost:3000/_next/static/chunks/node_modules_next_dist_115brz8._.js:3272
[ 1821618ms] [ERROR] ./lib/server-directory.ts:331:4
Expected ';', got ')'
  329 |       searchScope: "directory" as const,
  330 |     },
> 331 |   }));
      |    ^
  332 | }
  333 |
  334 | function buildCatalogSearchHits(schoolSlug?: string): SearchHit[] {

Parsing ecmascript source code failed

Import trace:
  Server Component:
    ./lib/server-directory.ts
    ./app/schools/[slug]/page.tsx @ http://localhost:3000/_next/static/chunks/node_modules_next_dist_115brz8._.js:3272
[ 1821681ms] [ERROR] ./lib/server-directory.ts:331:4
Expected ';', got ')'
  329 |       searchScope: "directory" as const,
  330 |     },
> 331 |   }));
      |    ^
  332 | }
  333 |
  334 | function buildCatalogSearchHits(schoolSlug?: string): SearchHit[] {

Parsing ecmascript source code failed

Import trace:
  Server Component:
    ./lib/server-directory.ts
    ./app/schools/[slug]/page.tsx @ http://localhost:3000/_next/static/chunks/node_modules_next_dist_115brz8._.js:3272
[ 1821745ms] [ERROR] ./lib/server-directory.ts:331:4
Expected ';', got ')'
  329 |       searchScope: "directory" as const,
  330 |     },
> 331 |   }));
      |    ^
  332 | }
  333 |
  334 | function buildCatalogSearchHits(schoolSlug?: string): SearchHit[] {

Parsing ecmascript source code failed

Import trace:
  Server Component:
    ./lib/server-directory.ts
    ./app/schools/[slug]/page.tsx @ http://localhost:3000/_next/static/chunks/node_modules_next_dist_115brz8._.js:3272
[ 1821809ms] [ERROR] ./lib/server-directory.ts:331:4
Expected ';', got ')'
  329 |       searchScope: "directory" as const,
  330 |     },
> 331 |   }));
      |    ^
  332 | }
  333 |
  334 | function buildCatalogSearchHits(schoolSlug?: string): SearchHit[] {

Parsing ecmascript source code failed

Import trace:
  Server Component:
    ./lib/server-directory.ts
    ./app/schools/[slug]/page.tsx @ http://localhost:3000/_next/static/chunks/node_modules_next_dist_115brz8._.js:3272
[ 1821872ms] [ERROR] ./lib/server-directory.ts:331:4
Expected ';', got ')'
  329 |       searchScope: "directory" as const,
  330 |     },
> 331 |   }));
      |    ^
  332 | }
  333 |
  334 | function buildCatalogSearchHits(schoolSlug?: string): SearchHit[] {

Parsing ecmascript source code failed

Import trace:
  Server Component:
    ./lib/server-directory.ts
    ./app/schools/[slug]/page.tsx @ http://localhost:3000/_next/static/chunks/node_modules_next_dist_115brz8._.js:3272
[ 1821936ms] [ERROR] ./lib/server-directory.ts:331:4
Expected ';', got ')'
  329 |       searchScope: "directory" as const,
  330 |     },
> 331 |   }));
      |    ^
  332 | }
  333 |
  334 | function buildCatalogSearchHits(schoolSlug?: string): SearchHit[] {

Parsing ecmascript source code failed

Import trace:
  Server Component:
    ./lib/server-directory.ts
    ./app/schools/[slug]/page.tsx @ http://localhost:3000/_next/static/chunks/node_modules_next_dist_115brz8._.js:3272
[ 1821998ms] [ERROR] ./lib/server-directory.ts:331:4
Expected ';', got ')'
  329 |       searchScope: "directory" as const,
  330 |     },
> 331 |   }));
      |    ^
  332 | }
  333 |
  334 | function buildCatalogSearchHits(schoolSlug?: string): SearchHit[] {

Parsing ecmascript source code failed

Import trace:
  Server Component:
    ./lib/server-directory.ts
    ./app/schools/[slug]/page.tsx @ http://localhost:3000/_next/static/chunks/node_modules_next_dist_115brz8._.js:3272
[ 1822062ms] [ERROR] ./lib/server-directory.ts:331:4
Expected ';', got ')'
  329 |       searchScope: "directory" as const,
  330 |     },
> 331 |   }));
      |    ^
  332 | }
  333 |
  334 | function buildCatalogSearchHits(schoolSlug?: string): SearchHit[] {

Parsing ecmascript source code failed

Import trace:
  Server Component:
    ./lib/server-directory.ts
    ./app/schools/[slug]/page.tsx @ http://localhost:3000/_next/static/chunks/node_modules_next_dist_115brz8._.js:3272
[ 1822125ms] [ERROR] ./lib/server-directory.ts:331:4
Expected ';', got ')'
  329 |       searchScope: "directory" as const,
  330 |     },
> 331 |   }));
      |    ^
  332 | }
  333 |
  334 | function buildCatalogSearchHits(schoolSlug?: string): SearchHit[] {

Parsing ecmascript source code failed

Import trace:
  Server Component:
    ./lib/server-directory.ts
    ./app/schools/[slug]/page.tsx @ http://localhost:3000/_next/static/chunks/node_modules_next_dist_115brz8._.js:3272
[ 1822189ms] [ERROR] ./lib/server-directory.ts:331:4
Expected ';', got ')'
  329 |       searchScope: "directory" as const,
  330 |     },
> 331 |   }));
      |    ^
  332 | }
  333 |
  334 | function buildCatalogSearchHits(schoolSlug?: string): SearchHit[] {

Parsing ecmascript source code failed

Import trace:
  Server Component:
    ./lib/server-directory.ts
    ./app/schools/[slug]/page.tsx @ http://localhost:3000/_next/static/chunks/node_modules_next_dist_115brz8._.js:3272
[ 1822253ms] [ERROR] ./lib/server-directory.ts:331:4
Expected ';', got ')'
  329 |       searchScope: "directory" as const,
  330 |     },
> 331 |   }));
      |    ^
  332 | }
  333 |
  334 | function buildCatalogSearchHits(schoolSlug?: string): SearchHit[] {

Parsing ecmascript source code failed

Import trace:
  Server Component:
    ./lib/server-directory.ts
    ./app/schools/[slug]/page.tsx @ http://localhost:3000/_next/static/chunks/node_modules_next_dist_115brz8._.js:3272
[ 1822316ms] [ERROR] ./lib/server-directory.ts:331:4
Expected ';', got ')'
  329 |       searchScope: "directory" as const,
  330 |     },
> 331 |   }));
      |    ^
  332 | }
  333 |
  334 | function buildCatalogSearchHits(schoolSlug?: string): SearchHit[] {

Parsing ecmascript source code failed

Import trace:
  Server Component:
    ./lib/server-directory.ts
    ./app/schools/[slug]/page.tsx @ http://localhost:3000/_next/static/chunks/node_modules_next_dist_115brz8._.js:3272
[ 1822380ms] [ERROR] ./lib/server-directory.ts:331:4
Expected ';', got ')'
  329 |       searchScope: "directory" as const,
  330 |     },
> 331 |   }));
      |    ^
  332 | }
  333 |
  334 | function buildCatalogSearchHits(schoolSlug?: string): SearchHit[] {

Parsing ecmascript source code failed

Import trace:
  Server Component:
    ./lib/server-directory.ts
    ./app/schools/[slug]/page.tsx @ http://localhost:3000/_next/static/chunks/node_modules_next_dist_115brz8._.js:3272
[ 1822444ms] [ERROR] ./lib/server-directory.ts:331:4
Expected ';', got ')'
  329 |       searchScope: "directory" as const,
  330 |     },
> 331 |   }));
      |    ^
  332 | }
  333 |
  334 | function buildCatalogSearchHits(schoolSlug?: string): SearchHit[] {

Parsing ecmascript source code failed

Import trace:
  Server Component:
    ./lib/server-directory.ts
    ./app/schools/[slug]/page.tsx @ http://localhost:3000/_next/static/chunks/node_modules_next_dist_115brz8._.js:3272
[ 1822507ms] [ERROR] ./lib/server-directory.ts:331:4
Expected ';', got ')'
  329 |       searchScope: "directory" as const,
  330 |     },
> 331 |   }));
      |    ^
  332 | }
  333 |
  334 | function buildCatalogSearchHits(schoolSlug?: string): SearchHit[] {

Parsing ecmascript source code failed

Import trace:
  Server Component:
    ./lib/server-directory.ts
    ./app/schools/[slug]/page.tsx @ http://localhost:3000/_next/static/chunks/node_modules_next_dist_115brz8._.js:3272
[ 1822570ms] [ERROR] ./lib/server-directory.ts:331:4
Expected ';', got ')'
  329 |       searchScope: "directory" as const,
  330 |     },
> 331 |   }));
      |    ^
  332 | }
  333 |
  334 | function buildCatalogSearchHits(schoolSlug?: string): SearchHit[] {

Parsing ecmascript source code failed

Import trace:
  Server Component:
    ./lib/server-directory.ts
    ./app/schools/[slug]/page.tsx @ http://localhost:3000/_next/static/chunks/node_modules_next_dist_115brz8._.js:3272
[ 1822632ms] [ERROR] ./lib/server-directory.ts:331:4
Expected ';', got ')'
  329 |       searchScope: "directory" as const,
  330 |     },
> 331 |   }));
      |    ^
  332 | }
  333 |
  334 | function buildCatalogSearchHits(schoolSlug?: string): SearchHit[] {

Parsing ecmascript source code failed

Import trace:
  Server Component:
    ./lib/server-directory.ts
    ./app/schools/[slug]/page.tsx @ http://localhost:3000/_next/static/chunks/node_modules_next_dist_115brz8._.js:3272
[ 1822696ms] [ERROR] ./lib/server-directory.ts:331:4
Expected ';', got ')'
  329 |       searchScope: "directory" as const,
  330 |     },
> 331 |   }));
      |    ^
  332 | }
  333 |
  334 | function buildCatalogSearchHits(schoolSlug?: string): SearchHit[] {

Parsing ecmascript source code failed

Import trace:
  Server Component:
    ./lib/server-directory.ts
    ./app/schools/[slug]/page.tsx @ http://localhost:3000/_next/static/chunks/node_modules_next_dist_115brz8._.js:3272
[ 1822759ms] [ERROR] ./lib/server-directory.ts:331:4
Expected ';', got ')'
  329 |       searchScope: "directory" as const,
  330 |     },
> 331 |   }));
      |    ^
  332 | }
  333 |
  334 | function buildCatalogSearchHits(schoolSlug?: string): SearchHit[] {

Parsing ecmascript source code failed

Import trace:
  Server Component:
    ./lib/server-directory.ts
    ./app/schools/[slug]/page.tsx @ http://localhost:3000/_next/static/chunks/node_modules_next_dist_115brz8._.js:3272
[ 1822823ms] [ERROR] ./lib/server-directory.ts:331:4
Expected ';', got ')'
  329 |       searchScope: "directory" as const,
  330 |     },
> 331 |   }));
      |    ^
  332 | }
  333 |
  334 | function buildCatalogSearchHits(schoolSlug?: string): SearchHit[] {

Parsing ecmascript source code failed

Import trace:
  Server Component:
    ./lib/server-directory.ts
    ./app/schools/[slug]/page.tsx @ http://localhost:3000/_next/static/chunks/node_modules_next_dist_115brz8._.js:3272
[ 1822886ms] [ERROR] ./lib/server-directory.ts:331:4
Expected ';', got ')'
  329 |       searchScope: "directory" as const,
  330 |     },
> 331 |   }));
      |    ^
  332 | }
  333 |
  334 | function buildCatalogSearchHits(schoolSlug?: string): SearchHit[] {

Parsing ecmascript source code failed

Import trace:
  Server Component:
    ./lib/server-directory.ts
    ./app/schools/[slug]/page.tsx @ http://localhost:3000/_next/static/chunks/node_modules_next_dist_115brz8._.js:3272
[ 1822949ms] [ERROR] ./lib/server-directory.ts:331:4
Expected ';', got ')'
  329 |       searchScope: "directory" as const,
  330 |     },
> 331 |   }));
      |    ^
  332 | }
  333 |
  334 | function buildCatalogSearchHits(schoolSlug?: string): SearchHit[] {

Parsing ecmascript source code failed

Import trace:
  Server Component:
    ./lib/server-directory.ts
    ./app/schools/[slug]/page.tsx @ http://localhost:3000/_next/static/chunks/node_modules_next_dist_115brz8._.js:3272
[ 1823011ms] [ERROR] ./lib/server-directory.ts:331:4
Expected ';', got ')'
  329 |       searchScope: "directory" as const,
  330 |     },
> 331 |   }));
      |    ^
  332 | }
  333 |
  334 | function buildCatalogSearchHits(schoolSlug?: string): SearchHit[] {

Parsing ecmascript source code failed

Import trace:
  Server Component:
    ./lib/server-directory.ts
    ./app/schools/[slug]/page.tsx @ http://localhost:3000/_next/static/chunks/node_modules_next_dist_115brz8._.js:3272
[ 1823073ms] [ERROR] ./lib/server-directory.ts:331:4
Expected ';', got ')'
  329 |       searchScope: "directory" as const,
  330 |     },
> 331 |   }));
      |    ^
  332 | }
  333 |
  334 | function buildCatalogSearchHits(schoolSlug?: string): SearchHit[] {

Parsing ecmascript source code failed

Import trace:
  Server Component:
    ./lib/server-directory.ts
    ./app/schools/[slug]/page.tsx @ http://localhost:3000/_next/static/chunks/node_modules_next_dist_115brz8._.js:3272
[ 1823136ms] [ERROR] ./lib/server-directory.ts:331:4
Expected ';', got ')'
  329 |       searchScope: "directory" as const,
  330 |     },
> 331 |   }));
      |    ^
  332 | }
  333 |
  334 | function buildCatalogSearchHits(schoolSlug?: string): SearchHit[] {

Parsing ecmascript source code failed

Import trace:
  Server Component:
    ./lib/server-directory.ts
    ./app/schools/[slug]/page.tsx @ http://localhost:3000/_next/static/chunks/node_modules_next_dist_115brz8._.js:3272
[ 1823200ms] [ERROR] ./lib/server-directory.ts:331:4
Expected ';', got ')'
  329 |       searchScope: "directory" as const,
  330 |     },
> 331 |   }));
      |    ^
  332 | }
  333 |
  334 | function buildCatalogSearchHits(schoolSlug?: string): SearchHit[] {

Parsing ecmascript source code failed

Import trace:
  Server Component:
    ./lib/server-directory.ts
    ./app/schools/[slug]/page.tsx @ http://localhost:3000/_next/static/chunks/node_modules_next_dist_115brz8._.js:3272
[ 1823263ms] [ERROR] ./lib/server-directory.ts:331:4
Expected ';', got ')'
  329 |       searchScope: "directory" as const,
  330 |     },
> 331 |   }));
      |    ^
  332 | }
  333 |
  334 | function buildCatalogSearchHits(schoolSlug?: string): SearchHit[] {

Parsing ecmascript source code failed

Import trace:
  Server Component:
    ./lib/server-directory.ts
    ./app/schools/[slug]/page.tsx @ http://localhost:3000/_next/static/chunks/node_modules_next_dist_115brz8._.js:3272
[ 1823326ms] [ERROR] ./lib/server-directory.ts:331:4
Expected ';', got ')'
  329 |       searchScope: "directory" as const,
  330 |     },
> 331 |   }));
      |    ^
  332 | }
  333 |
  334 | function buildCatalogSearchHits(schoolSlug?: string): SearchHit[] {

Parsing ecmascript source code failed

Import trace:
  Server Component:
    ./lib/server-directory.ts
    ./app/schools/[slug]/page.tsx @ http://localhost:3000/_next/static/chunks/node_modules_next_dist_115brz8._.js:3272
[ 1823389ms] [ERROR] ./lib/server-directory.ts:331:4
Expected ';', got ')'
  329 |       searchScope: "directory" as const,
  330 |     },
> 331 |   }));
      |    ^
  332 | }
  333 |
  334 | function buildCatalogSearchHits(schoolSlug?: string): SearchHit[] {

Parsing ecmascript source code failed

Import trace:
  Server Component:
    ./lib/server-directory.ts
    ./app/schools/[slug]/page.tsx @ http://localhost:3000/_next/static/chunks/node_modules_next_dist_115brz8._.js:3272
[ 1823451ms] [ERROR] ./lib/server-directory.ts:331:4
Expected ';', got ')'
  329 |       searchScope: "directory" as const,
  330 |     },
> 331 |   }));
      |    ^
  332 | }
  333 |
  334 | function buildCatalogSearchHits(schoolSlug?: string): SearchHit[] {

Parsing ecmascript source code failed

Import trace:
  Server Component:
    ./lib/server-directory.ts
    ./app/schools/[slug]/page.tsx @ http://localhost:3000/_next/static/chunks/node_modules_next_dist_115brz8._.js:3272
[ 1823513ms] [ERROR] ./lib/server-directory.ts:331:4
Expected ';', got ')'
  329 |       searchScope: "directory" as const,
  330 |     },
> 331 |   }));
      |    ^
  332 | }
  333 |
  334 | function buildCatalogSearchHits(schoolSlug?: string): SearchHit[] {

Parsing ecmascript source code failed

Import trace:
  Server Component:
    ./lib/server-directory.ts
    ./app/schools/[slug]/page.tsx @ http://localhost:3000/_next/static/chunks/node_modules_next_dist_115brz8._.js:3272
[ 1823576ms] [ERROR] ./lib/server-directory.ts:331:4
Expected ';', got ')'
  329 |       searchScope: "directory" as const,
  330 |     },
> 331 |   }));
      |    ^
  332 | }
  333 |
  334 | function buildCatalogSearchHits(schoolSlug?: string): SearchHit[] {

Parsing ecmascript source code failed

Import trace:
  Server Component:
    ./lib/server-directory.ts
    ./app/schools/[slug]/page.tsx @ http://localhost:3000/_next/static/chunks/node_modules_next_dist_115brz8._.js:3272
[ 1823638ms] [ERROR] ./lib/server-directory.ts:331:4
Expected ';', got ')'
  329 |       searchScope: "directory" as const,
  330 |     },
> 331 |   }));
      |    ^
  332 | }
  333 |
  334 | function buildCatalogSearchHits(schoolSlug?: string): SearchHit[] {

Parsing ecmascript source code failed

Import trace:
  Server Component:
    ./lib/server-directory.ts
    ./app/schools/[slug]/page.tsx @ http://localhost:3000/_next/static/chunks/node_modules_next_dist_115brz8._.js:3272
[ 1823701ms] [ERROR] ./lib/server-directory.ts:331:4
Expected ';', got ')'
  329 |       searchScope: "directory" as const,
  330 |     },
> 331 |   }));
      |    ^
  332 | }
  333 |
  334 | function buildCatalogSearchHits(schoolSlug?: string): SearchHit[] {

Parsing ecmascript source code failed

Import trace:
  Server Component:
    ./lib/server-directory.ts
    ./app/schools/[slug]/page.tsx @ http://localhost:3000/_next/static/chunks/node_modules_next_dist_115brz8._.js:3272
[ 1823765ms] [ERROR] ./lib/server-directory.ts:331:4
Expected ';', got ')'
  329 |       searchScope: "directory" as const,
  330 |     },
> 331 |   }));
      |    ^
  332 | }
  333 |
  334 | function buildCatalogSearchHits(schoolSlug?: string): SearchHit[] {

Parsing ecmascript source code failed

Import trace:
  Server Component:
    ./lib/server-directory.ts
    ./app/schools/[slug]/page.tsx @ http://localhost:3000/_next/static/chunks/node_modules_next_dist_115brz8._.js:3272
[ 1823828ms] [ERROR] ./lib/server-directory.ts:331:4
Expected ';', got ')'
  329 |       searchScope: "directory" as const,
  330 |     },
> 331 |   }));
      |    ^
  332 | }
  333 |
  334 | function buildCatalogSearchHits(schoolSlug?: string): SearchHit[] {

Parsing ecmascript source code failed

Import trace:
  Server Component:
    ./lib/server-directory.ts
    ./app/schools/[slug]/page.tsx @ http://localhost:3000/_next/static/chunks/node_modules_next_dist_115brz8._.js:3272
[ 1823890ms] [ERROR] ./lib/server-directory.ts:331:4
Expected ';', got ')'
  329 |       searchScope: "directory" as const,
  330 |     },
> 331 |   }));
      |    ^
  332 | }
  333 |
  334 | function buildCatalogSearchHits(schoolSlug?: string): SearchHit[] {

Parsing ecmascript source code failed

Import trace:
  Server Component:
    ./lib/server-directory.ts
    ./app/schools/[slug]/page.tsx @ http://localhost:3000/_next/static/chunks/node_modules_next_dist_115brz8._.js:3272
[ 1823952ms] [ERROR] ./lib/server-directory.ts:331:4
Expected ';', got ')'
  329 |       searchScope: "directory" as const,
  330 |     },
> 331 |   }));
      |    ^
  332 | }
  333 |
  334 | function buildCatalogSearchHits(schoolSlug?: string): SearchHit[] {

Parsing ecmascript source code failed

Import trace:
  Server Component:
    ./lib/server-directory.ts
    ./app/schools/[slug]/page.tsx @ http://localhost:3000/_next/static/chunks/node_modules_next_dist_115brz8._.js:3272
[ 1824016ms] [ERROR] ./lib/server-directory.ts:331:4
Expected ';', got ')'
  329 |       searchScope: "directory" as const,
  330 |     },
> 331 |   }));
      |    ^
  332 | }
  333 |
  334 | function buildCatalogSearchHits(schoolSlug?: string): SearchHit[] {

Parsing ecmascript source code failed

Import trace:
  Server Component:
    ./lib/server-directory.ts
    ./app/schools/[slug]/page.tsx @ http://localhost:3000/_next/static/chunks/node_modules_next_dist_115brz8._.js:3272
[ 1824079ms] [ERROR] ./lib/server-directory.ts:331:4
Expected ';', got ')'
  329 |       searchScope: "directory" as const,
  330 |     },
> 331 |   }));
      |    ^
  332 | }
  333 |
  334 | function buildCatalogSearchHits(schoolSlug?: string): SearchHit[] {

Parsing ecmascript source code failed

Import trace:
  Server Component:
    ./lib/server-directory.ts
    ./app/schools/[slug]/page.tsx @ http://localhost:3000/_next/static/chunks/node_modules_next_dist_115brz8._.js:3272
[ 1824142ms] [ERROR] ./lib/server-directory.ts:331:4
Expected ';', got ')'
  329 |       searchScope: "directory" as const,
  330 |     },
> 331 |   }));
      |    ^
  332 | }
  333 |
  334 | function buildCatalogSearchHits(schoolSlug?: string): SearchHit[] {

Parsing ecmascript source code failed

Import trace:
  Server Component:
    ./lib/server-directory.ts
    ./app/schools/[slug]/page.tsx @ http://localhost:3000/_next/static/chunks/node_modules_next_dist_115brz8._.js:3272
[ 1824205ms] [ERROR] ./lib/server-directory.ts:331:4
Expected ';', got ')'
  329 |       searchScope: "directory" as const,
  330 |     },
> 331 |   }));
      |    ^
  332 | }
  333 |
  334 | function buildCatalogSearchHits(schoolSlug?: string): SearchHit[] {

Parsing ecmascript source code failed

Import trace:
  Server Component:
    ./lib/server-directory.ts
    ./app/schools/[slug]/page.tsx @ http://localhost:3000/_next/static/chunks/node_modules_next_dist_115brz8._.js:3272
[ 1824268ms] [ERROR] ./lib/server-directory.ts:331:4
Expected ';', got ')'
  329 |       searchScope: "directory" as const,
  330 |     },
> 331 |   }));
      |    ^
  332 | }
  333 |
  334 | function buildCatalogSearchHits(schoolSlug?: string): SearchHit[] {

Parsing ecmascript source code failed

Import trace:
  Server Component:
    ./lib/server-directory.ts
    ./app/schools/[slug]/page.tsx @ http://localhost:3000/_next/static/chunks/node_modules_next_dist_115brz8._.js:3272
[ 1824330ms] [ERROR] ./lib/server-directory.ts:331:4
Expected ';', got ')'
  329 |       searchScope: "directory" as const,
  330 |     },
> 331 |   }));
      |    ^
  332 | }
  333 |
  334 | function buildCatalogSearchHits(schoolSlug?: string): SearchHit[] {

Parsing ecmascript source code failed

Import trace:
  Server Component:
    ./lib/server-directory.ts
    ./app/schools/[slug]/page.tsx @ http://localhost:3000/_next/static/chunks/node_modules_next_dist_115brz8._.js:3272
[ 1824392ms] [ERROR] ./lib/server-directory.ts:331:4
Expected ';', got ')'
  329 |       searchScope: "directory" as const,
  330 |     },
> 331 |   }));
      |    ^
  332 | }
  333 |
  334 | function buildCatalogSearchHits(schoolSlug?: string): SearchHit[] {

Parsing ecmascript source code failed

Import trace:
  Server Component:
    ./lib/server-directory.ts
    ./app/schools/[slug]/page.tsx @ http://localhost:3000/_next/static/chunks/node_modules_next_dist_115brz8._.js:3272
[ 1824457ms] [ERROR] ./lib/server-directory.ts:331:4
Expected ';', got ')'
  329 |       searchScope: "directory" as const,
  330 |     },
> 331 |   }));
      |    ^
  332 | }
  333 |
  334 | function buildCatalogSearchHits(schoolSlug?: string): SearchHit[] {

Parsing ecmascript source code failed

Import trace:
  Server Component:
    ./lib/server-directory.ts
    ./app/schools/[slug]/page.tsx @ http://localhost:3000/_next/static/chunks/node_modules_next_dist_115brz8._.js:3272
[ 1824519ms] [ERROR] ./lib/server-directory.ts:331:4
Expected ';', got ')'
  329 |       searchScope: "directory" as const,
  330 |     },
> 331 |   }));
      |    ^
  332 | }
  333 |
  334 | function buildCatalogSearchHits(schoolSlug?: string): SearchHit[] {

Parsing ecmascript source code failed

Import trace:
  Server Component:
    ./lib/server-directory.ts
    ./app/schools/[slug]/page.tsx @ http://localhost:3000/_next/static/chunks/node_modules_next_dist_115brz8._.js:3272
[ 1824581ms] [ERROR] ./lib/server-directory.ts:331:4
Expected ';', got ')'
  329 |       searchScope: "directory" as const,
  330 |     },
> 331 |   }));
      |    ^
  332 | }
  333 |
  334 | function buildCatalogSearchHits(schoolSlug?: string): SearchHit[] {

Parsing ecmascript source code failed

Import trace:
  Server Component:
    ./lib/server-directory.ts
    ./app/schools/[slug]/page.tsx @ http://localhost:3000/_next/static/chunks/node_modules_next_dist_115brz8._.js:3272
[ 1824642ms] [ERROR] ./lib/server-directory.ts:331:4
Expected ';', got ')'
  329 |       searchScope: "directory" as const,
  330 |     },
> 331 |   }));
      |    ^
  332 | }
  333 |
  334 | function buildCatalogSearchHits(schoolSlug?: string): SearchHit[] {

Parsing ecmascript source code failed

Import trace:
  Server Component:
    ./lib/server-directory.ts
    ./app/schools/[slug]/page.tsx @ http://localhost:3000/_next/static/chunks/node_modules_next_dist_115brz8._.js:3272
[ 1824705ms] [ERROR] ./lib/server-directory.ts:331:4
Expected ';', got ')'
  329 |       searchScope: "directory" as const,
  330 |     },
> 331 |   }));
      |    ^
  332 | }
  333 |
  334 | function buildCatalogSearchHits(schoolSlug?: string): SearchHit[] {

Parsing ecmascript source code failed

Import trace:
  Server Component:
    ./lib/server-directory.ts
    ./app/schools/[slug]/page.tsx @ http://localhost:3000/_next/static/chunks/node_modules_next_dist_115brz8._.js:3272
[ 1824768ms] [ERROR] ./lib/server-directory.ts:331:4
Expected ';', got ')'
  329 |       searchScope: "directory" as const,
  330 |     },
> 331 |   }));
      |    ^
  332 | }
  333 |
  334 | function buildCatalogSearchHits(schoolSlug?: string): SearchHit[] {

Parsing ecmascript source code failed

Import trace:
  Server Component:
    ./lib/server-directory.ts
    ./app/schools/[slug]/page.tsx @ http://localhost:3000/_next/static/chunks/node_modules_next_dist_115brz8._.js:3272
[ 1824831ms] [ERROR] ./lib/server-directory.ts:331:4
Expected ';', got ')'
  329 |       searchScope: "directory" as const,
  330 |     },
> 331 |   }));
      |    ^
  332 | }
  333 |
  334 | function buildCatalogSearchHits(schoolSlug?: string): SearchHit[] {

Parsing ecmascript source code failed

Import trace:
  Server Component:
    ./lib/server-directory.ts
    ./app/schools/[slug]/page.tsx @ http://localhost:3000/_next/static/chunks/node_modules_next_dist_115brz8._.js:3272
[ 1824893ms] [ERROR] ./lib/server-directory.ts:331:4
Expected ';', got ')'
  329 |       searchScope: "directory" as const,
  330 |     },
> 331 |   }));
      |    ^
  332 | }
  333 |
  334 | function buildCatalogSearchHits(schoolSlug?: string): SearchHit[] {

Parsing ecmascript source code failed

Import trace:
  Server Component:
    ./lib/server-directory.ts
    ./app/schools/[slug]/page.tsx @ http://localhost:3000/_next/static/chunks/node_modules_next_dist_115brz8._.js:3272
[ 1824957ms] [ERROR] ./lib/server-directory.ts:331:4
Expected ';', got ')'
  329 |       searchScope: "directory" as const,
  330 |     },
> 331 |   }));
      |    ^
  332 | }
  333 |
  334 | function buildCatalogSearchHits(schoolSlug?: string): SearchHit[] {

Parsing ecmascript source code failed

Import trace:
  Server Component:
    ./lib/server-directory.ts
    ./app/schools/[slug]/page.tsx @ http://localhost:3000/_next/static/chunks/node_modules_next_dist_115brz8._.js:3272
[ 1825020ms] [ERROR] ./lib/server-directory.ts:331:4
Expected ';', got ')'
  329 |       searchScope: "directory" as const,
  330 |     },
> 331 |   }));
      |    ^
  332 | }
  333 |
  334 | function buildCatalogSearchHits(schoolSlug?: string): SearchHit[] {

Parsing ecmascript source code failed

Import trace:
  Server Component:
    ./lib/server-directory.ts
    ./app/schools/[slug]/page.tsx @ http://localhost:3000/_next/static/chunks/node_modules_next_dist_115brz8._.js:3272
[ 1825083ms] [ERROR] ./lib/server-directory.ts:331:4
Expected ';', got ')'
  329 |       searchScope: "directory" as const,
  330 |     },
> 331 |   }));
      |    ^
  332 | }
  333 |
  334 | function buildCatalogSearchHits(schoolSlug?: string): SearchHit[] {

Parsing ecmascript source code failed

Import trace:
  Server Component:
    ./lib/server-directory.ts
    ./app/schools/[slug]/page.tsx @ http://localhost:3000/_next/static/chunks/node_modules_next_dist_115brz8._.js:3272
[ 1825147ms] [ERROR] ./lib/server-directory.ts:331:4
Expected ';', got ')'
  329 |       searchScope: "directory" as const,
  330 |     },
> 331 |   }));
      |    ^
  332 | }
  333 |
  334 | function buildCatalogSearchHits(schoolSlug?: string): SearchHit[] {

Parsing ecmascript source code failed

Import trace:
  Server Component:
    ./lib/server-directory.ts
    ./app/schools/[slug]/page.tsx @ http://localhost:3000/_next/static/chunks/node_modules_next_dist_115brz8._.js:3272
[ 1825211ms] [ERROR] ./lib/server-directory.ts:331:4
Expected ';', got ')'
  329 |       searchScope: "directory" as const,
  330 |     },
> 331 |   }));
      |    ^
  332 | }
  333 |
  334 | function buildCatalogSearchHits(schoolSlug?: string): SearchHit[] {

Parsing ecmascript source code failed

Import trace:
  Server Component:
    ./lib/server-directory.ts
    ./app/schools/[slug]/page.tsx @ http://localhost:3000/_next/static/chunks/node_modules_next_dist_115brz8._.js:3272
[ 1825272ms] [ERROR] ./lib/server-directory.ts:331:4
Expected ';', got ')'
  329 |       searchScope: "directory" as const,
  330 |     },
> 331 |   }));
      |    ^
  332 | }
  333 |
  334 | function buildCatalogSearchHits(schoolSlug?: string): SearchHit[] {

Parsing ecmascript source code failed

Import trace:
  Server Component:
    ./lib/server-directory.ts
    ./app/schools/[slug]/page.tsx @ http://localhost:3000/_next/static/chunks/node_modules_next_dist_115brz8._.js:3272
[ 1825336ms] [ERROR] ./lib/server-directory.ts:331:4
Expected ';', got ')'
  329 |       searchScope: "directory" as const,
  330 |     },
> 331 |   }));
      |    ^
  332 | }
  333 |
  334 | function buildCatalogSearchHits(schoolSlug?: string): SearchHit[] {

Parsing ecmascript source code failed

Import trace:
  Server Component:
    ./lib/server-directory.ts
    ./app/schools/[slug]/page.tsx @ http://localhost:3000/_next/static/chunks/node_modules_next_dist_115brz8._.js:3272
[ 1825400ms] [ERROR] ./lib/server-directory.ts:331:4
Expected ';', got ')'
  329 |       searchScope: "directory" as const,
  330 |     },
> 331 |   }));
      |    ^
  332 | }
  333 |
  334 | function buildCatalogSearchHits(schoolSlug?: string): SearchHit[] {

Parsing ecmascript source code failed

Import trace:
  Server Component:
    ./lib/server-directory.ts
    ./app/schools/[slug]/page.tsx @ http://localhost:3000/_next/static/chunks/node_modules_next_dist_115brz8._.js:3272
[ 1825464ms] [ERROR] ./lib/server-directory.ts:331:4
Expected ';', got ')'
  329 |       searchScope: "directory" as const,
  330 |     },
> 331 |   }));
      |    ^
  332 | }
  333 |
  334 | function buildCatalogSearchHits(schoolSlug?: string): SearchHit[] {

Parsing ecmascript source code failed

Import trace:
  Server Component:
    ./lib/server-directory.ts
    ./app/schools/[slug]/page.tsx @ http://localhost:3000/_next/static/chunks/node_modules_next_dist_115brz8._.js:3272
[ 1825526ms] [ERROR] ./lib/server-directory.ts:331:4
Expected ';', got ')'
  329 |       searchScope: "directory" as const,
  330 |     },
> 331 |   }));
      |    ^
  332 | }
  333 |
  334 | function buildCatalogSearchHits(schoolSlug?: string): SearchHit[] {

Parsing ecmascript source code failed

Import trace:
  Server Component:
    ./lib/server-directory.ts
    ./app/schools/[slug]/page.tsx @ http://localhost:3000/_next/static/chunks/node_modules_next_dist_115brz8._.js:3272
[ 1825589ms] [ERROR] ./lib/server-directory.ts:331:4
Expected ';', got ')'
  329 |       searchScope: "directory" as const,
  330 |     },
> 331 |   }));
      |    ^
  332 | }
  333 |
  334 | function buildCatalogSearchHits(schoolSlug?: string): SearchHit[] {

Parsing ecmascript source code failed

Import trace:
  Server Component:
    ./lib/server-directory.ts
    ./app/schools/[slug]/page.tsx @ http://localhost:3000/_next/static/chunks/node_modules_next_dist_115brz8._.js:3272
[ 1825653ms] [ERROR] ./lib/server-directory.ts:331:4
Expected ';', got ')'
  329 |       searchScope: "directory" as const,
  330 |     },
> 331 |   }));
      |    ^
  332 | }
  333 |
  334 | function buildCatalogSearchHits(schoolSlug?: string): SearchHit[] {

Parsing ecmascript source code failed

Import trace:
  Server Component:
    ./lib/server-directory.ts
    ./app/schools/[slug]/page.tsx @ http://localhost:3000/_next/static/chunks/node_modules_next_dist_115brz8._.js:3272
[ 1825716ms] [ERROR] ./lib/server-directory.ts:331:4
Expected ';', got ')'
  329 |       searchScope: "directory" as const,
  330 |     },
> 331 |   }));
      |    ^
  332 | }
  333 |
  334 | function buildCatalogSearchHits(schoolSlug?: string): SearchHit[] {

Parsing ecmascript source code failed

Import trace:
  Server Component:
    ./lib/server-directory.ts
    ./app/schools/[slug]/page.tsx @ http://localhost:3000/_next/static/chunks/node_modules_next_dist_115brz8._.js:3272
[ 1825779ms] [ERROR] ./lib/server-directory.ts:331:4
Expected ';', got ')'
  329 |       searchScope: "directory" as const,
  330 |     },
> 331 |   }));
      |    ^
  332 | }
  333 |
  334 | function buildCatalogSearchHits(schoolSlug?: string): SearchHit[] {

Parsing ecmascript source code failed

Import trace:
  Server Component:
    ./lib/server-directory.ts
    ./app/schools/[slug]/page.tsx @ http://localhost:3000/_next/static/chunks/node_modules_next_dist_115brz8._.js:3272
[ 1825842ms] [ERROR] ./lib/server-directory.ts:331:4
Expected ';', got ')'
  329 |       searchScope: "directory" as const,
  330 |     },
> 331 |   }));
      |    ^
  332 | }
  333 |
  334 | function buildCatalogSearchHits(schoolSlug?: string): SearchHit[] {

Parsing ecmascript source code failed

Import trace:
  Server Component:
    ./lib/server-directory.ts
    ./app/schools/[slug]/page.tsx @ http://localhost:3000/_next/static/chunks/node_modules_next_dist_115brz8._.js:3272
[ 1825906ms] [ERROR] ./lib/server-directory.ts:331:4
Expected ';', got ')'
  329 |       searchScope: "directory" as const,
  330 |     },
> 331 |   }));
      |    ^
  332 | }
  333 |
  334 | function buildCatalogSearchHits(schoolSlug?: string): SearchHit[] {

Parsing ecmascript source code failed

Import trace:
  Server Component:
    ./lib/server-directory.ts
    ./app/schools/[slug]/page.tsx @ http://localhost:3000/_next/static/chunks/node_modules_next_dist_115brz8._.js:3272
[ 1825970ms] [ERROR] ./lib/server-directory.ts:331:4
Expected ';', got ')'
  329 |       searchScope: "directory" as const,
  330 |     },
> 331 |   }));
      |    ^
  332 | }
  333 |
  334 | function buildCatalogSearchHits(schoolSlug?: string): SearchHit[] {

Parsing ecmascript source code failed

Import trace:
  Server Component:
    ./lib/server-directory.ts
    ./app/schools/[slug]/page.tsx @ http://localhost:3000/_next/static/chunks/node_modules_next_dist_115brz8._.js:3272
[ 1826034ms] [ERROR] ./lib/server-directory.ts:331:4
Expected ';', got ')'
  329 |       searchScope: "directory" as const,
  330 |     },
> 331 |   }));
      |    ^
  332 | }
  333 |
  334 | function buildCatalogSearchHits(schoolSlug?: string): SearchHit[] {

Parsing ecmascript source code failed

Import trace:
  Server Component:
    ./lib/server-directory.ts
    ./app/schools/[slug]/page.tsx @ http://localhost:3000/_next/static/chunks/node_modules_next_dist_115brz8._.js:3272
[ 1826096ms] [ERROR] ./lib/server-directory.ts:331:4
Expected ';', got ')'
  329 |       searchScope: "directory" as const,
  330 |     },
> 331 |   }));
      |    ^
  332 | }
  333 |
  334 | function buildCatalogSearchHits(schoolSlug?: string): SearchHit[] {

Parsing ecmascript source code failed

Import trace:
  Server Component:
    ./lib/server-directory.ts
    ./app/schools/[slug]/page.tsx @ http://localhost:3000/_next/static/chunks/node_modules_next_dist_115brz8._.js:3272
[ 1826159ms] [ERROR] ./lib/server-directory.ts:331:4
Expected ';', got ')'
  329 |       searchScope: "directory" as const,
  330 |     },
> 331 |   }));
      |    ^
  332 | }
  333 |
  334 | function buildCatalogSearchHits(schoolSlug?: string): SearchHit[] {

Parsing ecmascript source code failed

Import trace:
  Server Component:
    ./lib/server-directory.ts
    ./app/schools/[slug]/page.tsx @ http://localhost:3000/_next/static/chunks/node_modules_next_dist_115brz8._.js:3272
[ 1826221ms] [ERROR] ./lib/server-directory.ts:331:4
Expected ';', got ')'
  329 |       searchScope: "directory" as const,
  330 |     },
> 331 |   }));
      |    ^
  332 | }
  333 |
  334 | function buildCatalogSearchHits(schoolSlug?: string): SearchHit[] {

Parsing ecmascript source code failed

Import trace:
  Server Component:
    ./lib/server-directory.ts
    ./app/schools/[slug]/page.tsx @ http://localhost:3000/_next/static/chunks/node_modules_next_dist_115brz8._.js:3272
[ 1826284ms] [ERROR] ./lib/server-directory.ts:331:4
Expected ';', got ')'
  329 |       searchScope: "directory" as const,
  330 |     },
> 331 |   }));
      |    ^
  332 | }
  333 |
  334 | function buildCatalogSearchHits(schoolSlug?: string): SearchHit[] {

Parsing ecmascript source code failed

Import trace:
  Server Component:
    ./lib/server-directory.ts
    ./app/schools/[slug]/page.tsx @ http://localhost:3000/_next/static/chunks/node_modules_next_dist_115brz8._.js:3272
[ 1826345ms] [ERROR] ./lib/server-directory.ts:331:4
Expected ';', got ')'
  329 |       searchScope: "directory" as const,
  330 |     },
> 331 |   }));
      |    ^
  332 | }
  333 |
  334 | function buildCatalogSearchHits(schoolSlug?: string): SearchHit[] {

Parsing ecmascript source code failed

Import trace:
  Server Component:
    ./lib/server-directory.ts
    ./app/schools/[slug]/page.tsx @ http://localhost:3000/_next/static/chunks/node_modules_next_dist_115brz8._.js:3272
[ 1826409ms] [ERROR] ./lib/server-directory.ts:331:4
Expected ';', got ')'
  329 |       searchScope: "directory" as const,
  330 |     },
> 331 |   }));
      |    ^
  332 | }
  333 |
  334 | function buildCatalogSearchHits(schoolSlug?: string): SearchHit[] {

Parsing ecmascript source code failed

Import trace:
  Server Component:
    ./lib/server-directory.ts
    ./app/schools/[slug]/page.tsx @ http://localhost:3000/_next/static/chunks/node_modules_next_dist_115brz8._.js:3272
[ 1826472ms] [ERROR] ./lib/server-directory.ts:331:4
Expected ';', got ')'
  329 |       searchScope: "directory" as const,
  330 |     },
> 331 |   }));
      |    ^
  332 | }
  333 |
  334 | function buildCatalogSearchHits(schoolSlug?: string): SearchHit[] {

Parsing ecmascript source code failed

Import trace:
  Server Component:
    ./lib/server-directory.ts
    ./app/schools/[slug]/page.tsx @ http://localhost:3000/_next/static/chunks/node_modules_next_dist_115brz8._.js:3272
[ 1826536ms] [ERROR] ./lib/server-directory.ts:331:4
Expected ';', got ')'
  329 |       searchScope: "directory" as const,
  330 |     },
> 331 |   }));
      |    ^
  332 | }
  333 |
  334 | function buildCatalogSearchHits(schoolSlug?: string): SearchHit[] {

Parsing ecmascript source code failed

Import trace:
  Server Component:
    ./lib/server-directory.ts
    ./app/schools/[slug]/page.tsx @ http://localhost:3000/_next/static/chunks/node_modules_next_dist_115brz8._.js:3272
[ 1826599ms] [ERROR] ./lib/server-directory.ts:331:4
Expected ';', got ')'
  329 |       searchScope: "directory" as const,
  330 |     },
> 331 |   }));
      |    ^
  332 | }
  333 |
  334 | function buildCatalogSearchHits(schoolSlug?: string): SearchHit[] {

Parsing ecmascript source code failed

Import trace:
  Server Component:
    ./lib/server-directory.ts
    ./app/schools/[slug]/page.tsx @ http://localhost:3000/_next/static/chunks/node_modules_next_dist_115brz8._.js:3272
[ 1826662ms] [ERROR] ./lib/server-directory.ts:331:4
Expected ';', got ')'
  329 |       searchScope: "directory" as const,
  330 |     },
> 331 |   }));
      |    ^
  332 | }
  333 |
  334 | function buildCatalogSearchHits(schoolSlug?: string): SearchHit[] {

Parsing ecmascript source code failed

Import trace:
  Server Component:
    ./lib/server-directory.ts
    ./app/schools/[slug]/page.tsx @ http://localhost:3000/_next/static/chunks/node_modules_next_dist_115brz8._.js:3272
[ 1826724ms] [ERROR] ./lib/server-directory.ts:331:4
Expected ';', got ')'
  329 |       searchScope: "directory" as const,
  330 |     },
> 331 |   }));
      |    ^
  332 | }
  333 |
  334 | function buildCatalogSearchHits(schoolSlug?: string): SearchHit[] {

Parsing ecmascript source code failed

Import trace:
  Server Component:
    ./lib/server-directory.ts
    ./app/schools/[slug]/page.tsx @ http://localhost:3000/_next/static/chunks/node_modules_next_dist_115brz8._.js:3272
[ 1826787ms] [ERROR] ./lib/server-directory.ts:331:4
Expected ';', got ')'
  329 |       searchScope: "directory" as const,
  330 |     },
> 331 |   }));
      |    ^
  332 | }
  333 |
  334 | function buildCatalogSearchHits(schoolSlug?: string): SearchHit[] {

Parsing ecmascript source code failed

Import trace:
  Server Component:
    ./lib/server-directory.ts
    ./app/schools/[slug]/page.tsx @ http://localhost:3000/_next/static/chunks/node_modules_next_dist_115brz8._.js:3272
[ 1826851ms] [ERROR] ./lib/server-directory.ts:331:4
Expected ';', got ')'
  329 |       searchScope: "directory" as const,
  330 |     },
> 331 |   }));
      |    ^
  332 | }
  333 |
  334 | function buildCatalogSearchHits(schoolSlug?: string): SearchHit[] {

Parsing ecmascript source code failed

Import trace:
  Server Component:
    ./lib/server-directory.ts
    ./app/schools/[slug]/page.tsx @ http://localhost:3000/_next/static/chunks/node_modules_next_dist_115brz8._.js:3272
[ 1826914ms] [ERROR] ./lib/server-directory.ts:331:4
Expected ';', got ')'
  329 |       searchScope: "directory" as const,
  330 |     },
> 331 |   }));
      |    ^
  332 | }
  333 |
  334 | function buildCatalogSearchHits(schoolSlug?: string): SearchHit[] {

Parsing ecmascript source code failed

Import trace:
  Server Component:
    ./lib/server-directory.ts
    ./app/schools/[slug]/page.tsx @ http://localhost:3000/_next/static/chunks/node_modules_next_dist_115brz8._.js:3272
[ 1826977ms] [ERROR] ./lib/server-directory.ts:331:4
Expected ';', got ')'
  329 |       searchScope: "directory" as const,
  330 |     },
> 331 |   }));
      |    ^
  332 | }
  333 |
  334 | function buildCatalogSearchHits(schoolSlug?: string): SearchHit[] {

Parsing ecmascript source code failed

Import trace:
  Server Component:
    ./lib/server-directory.ts
    ./app/schools/[slug]/page.tsx @ http://localhost:3000/_next/static/chunks/node_modules_next_dist_115brz8._.js:3272
[ 1827041ms] [ERROR] ./lib/server-directory.ts:331:4
Expected ';', got ')'
  329 |       searchScope: "directory" as const,
  330 |     },
> 331 |   }));
      |    ^
  332 | }
  333 |
  334 | function buildCatalogSearchHits(schoolSlug?: string): SearchHit[] {

Parsing ecmascript source code failed

Import trace:
  Server Component:
    ./lib/server-directory.ts
    ./app/schools/[slug]/page.tsx @ http://localhost:3000/_next/static/chunks/node_modules_next_dist_115brz8._.js:3272
[ 1827103ms] [ERROR] ./lib/server-directory.ts:331:4
Expected ';', got ')'
  329 |       searchScope: "directory" as const,
  330 |     },
> 331 |   }));
      |    ^
  332 | }
  333 |
  334 | function buildCatalogSearchHits(schoolSlug?: string): SearchHit[] {

Parsing ecmascript source code failed

Import trace:
  Server Component:
    ./lib/server-directory.ts
    ./app/schools/[slug]/page.tsx @ http://localhost:3000/_next/static/chunks/node_modules_next_dist_115brz8._.js:3272
[ 1827166ms] [ERROR] ./lib/server-directory.ts:331:4
Expected ';', got ')'
  329 |       searchScope: "directory" as const,
  330 |     },
> 331 |   }));
      |    ^
  332 | }
  333 |
  334 | function buildCatalogSearchHits(schoolSlug?: string): SearchHit[] {

Parsing ecmascript source code failed

Import trace:
  Server Component:
    ./lib/server-directory.ts
    ./app/schools/[slug]/page.tsx @ http://localhost:3000/_next/static/chunks/node_modules_next_dist_115brz8._.js:3272
[ 1827228ms] [ERROR] ./lib/server-directory.ts:331:4
Expected ';', got ')'
  329 |       searchScope: "directory" as const,
  330 |     },
> 331 |   }));
      |    ^
  332 | }
  333 |
  334 | function buildCatalogSearchHits(schoolSlug?: string): SearchHit[] {

Parsing ecmascript source code failed

Import trace:
  Server Component:
    ./lib/server-directory.ts
    ./app/schools/[slug]/page.tsx @ http://localhost:3000/_next/static/chunks/node_modules_next_dist_115brz8._.js:3272
[ 1827291ms] [ERROR] ./lib/server-directory.ts:331:4
Expected ';', got ')'
  329 |       searchScope: "directory" as const,
  330 |     },
> 331 |   }));
      |    ^
  332 | }
  333 |
  334 | function buildCatalogSearchHits(schoolSlug?: string): SearchHit[] {

Parsing ecmascript source code failed

Import trace:
  Server Component:
    ./lib/server-directory.ts
    ./app/schools/[slug]/page.tsx @ http://localhost:3000/_next/static/chunks/node_modules_next_dist_115brz8._.js:3272
[ 1827354ms] [ERROR] ./lib/server-directory.ts:331:4
Expected ';', got ')'
  329 |       searchScope: "directory" as const,
  330 |     },
> 331 |   }));
      |    ^
  332 | }
  333 |
  334 | function buildCatalogSearchHits(schoolSlug?: string): SearchHit[] {

Parsing ecmascript source code failed

Import trace:
  Server Component:
    ./lib/server-directory.ts
    ./app/schools/[slug]/page.tsx @ http://localhost:3000/_next/static/chunks/node_modules_next_dist_115brz8._.js:3272
[ 1827415ms] [ERROR] ./lib/server-directory.ts:331:4
Expected ';', got ')'
  329 |       searchScope: "directory" as const,
  330 |     },
> 331 |   }));
      |    ^
  332 | }
  333 |
  334 | function buildCatalogSearchHits(schoolSlug?: string): SearchHit[] {

Parsing ecmascript source code failed

Import trace:
  Server Component:
    ./lib/server-directory.ts
    ./app/schools/[slug]/page.tsx @ http://localhost:3000/_next/static/chunks/node_modules_next_dist_115brz8._.js:3272
[ 1827477ms] [ERROR] ./lib/server-directory.ts:331:4
Expected ';', got ')'
  329 |       searchScope: "directory" as const,
  330 |     },
> 331 |   }));
      |    ^
  332 | }
  333 |
  334 | function buildCatalogSearchHits(schoolSlug?: string): SearchHit[] {

Parsing ecmascript source code failed

Import trace:
  Server Component:
    ./lib/server-directory.ts
    ./app/schools/[slug]/page.tsx @ http://localhost:3000/_next/static/chunks/node_modules_next_dist_115brz8._.js:3272
[ 1827541ms] [ERROR] ./lib/server-directory.ts:331:4
Expected ';', got ')'
  329 |       searchScope: "directory" as const,
  330 |     },
> 331 |   }));
      |    ^
  332 | }
  333 |
  334 | function buildCatalogSearchHits(schoolSlug?: string): SearchHit[] {

Parsing ecmascript source code failed

Import trace:
  Server Component:
    ./lib/server-directory.ts
    ./app/schools/[slug]/page.tsx @ http://localhost:3000/_next/static/chunks/node_modules_next_dist_115brz8._.js:3272
[ 1827603ms] [ERROR] ./lib/server-directory.ts:331:4
Expected ';', got ')'
  329 |       searchScope: "directory" as const,
  330 |     },
> 331 |   }));
      |    ^
  332 | }
  333 |
  334 | function buildCatalogSearchHits(schoolSlug?: string): SearchHit[] {

Parsing ecmascript source code failed

Import trace:
  Server Component:
    ./lib/server-directory.ts
    ./app/schools/[slug]/page.tsx @ http://localhost:3000/_next/static/chunks/node_modules_next_dist_115brz8._.js:3272
[ 1827666ms] [ERROR] ./lib/server-directory.ts:331:4
Expected ';', got ')'
  329 |       searchScope: "directory" as const,
  330 |     },
> 331 |   }));
      |    ^
  332 | }
  333 |
  334 | function buildCatalogSearchHits(schoolSlug?: string): SearchHit[] {

Parsing ecmascript source code failed

Import trace:
  Server Component:
    ./lib/server-directory.ts
    ./app/schools/[slug]/page.tsx @ http://localhost:3000/_next/static/chunks/node_modules_next_dist_115brz8._.js:3272
[ 1827730ms] [ERROR] ./lib/server-directory.ts:331:4
Expected ';', got ')'
  329 |       searchScope: "directory" as const,
  330 |     },
> 331 |   }));
      |    ^
  332 | }
  333 |
  334 | function buildCatalogSearchHits(schoolSlug?: string): SearchHit[] {

Parsing ecmascript source code failed

Import trace:
  Server Component:
    ./lib/server-directory.ts
    ./app/schools/[slug]/page.tsx @ http://localhost:3000/_next/static/chunks/node_modules_next_dist_115brz8._.js:3272
[ 1827791ms] [ERROR] ./lib/server-directory.ts:331:4
Expected ';', got ')'
  329 |       searchScope: "directory" as const,
  330 |     },
> 331 |   }));
      |    ^
  332 | }
  333 |
  334 | function buildCatalogSearchHits(schoolSlug?: string): SearchHit[] {

Parsing ecmascript source code failed

Import trace:
  Server Component:
    ./lib/server-directory.ts
    ./app/schools/[slug]/page.tsx @ http://localhost:3000/_next/static/chunks/node_modules_next_dist_115brz8._.js:3272
[ 1827855ms] [ERROR] ./lib/server-directory.ts:331:4
Expected ';', got ')'
  329 |       searchScope: "directory" as const,
  330 |     },
> 331 |   }));
      |    ^
  332 | }
  333 |
  334 | function buildCatalogSearchHits(schoolSlug?: string): SearchHit[] {

Parsing ecmascript source code failed

Import trace:
  Server Component:
    ./lib/server-directory.ts
    ./app/schools/[slug]/page.tsx @ http://localhost:3000/_next/static/chunks/node_modules_next_dist_115brz8._.js:3272
[ 1827916ms] [ERROR] ./lib/server-directory.ts:331:4
Expected ';', got ')'
  329 |       searchScope: "directory" as const,
  330 |     },
> 331 |   }));
      |    ^
  332 | }
  333 |
  334 | function buildCatalogSearchHits(schoolSlug?: string): SearchHit[] {

Parsing ecmascript source code failed

Import trace:
  Server Component:
    ./lib/server-directory.ts
    ./app/schools/[slug]/page.tsx @ http://localhost:3000/_next/static/chunks/node_modules_next_dist_115brz8._.js:3272
[ 1827980ms] [ERROR] ./lib/server-directory.ts:331:4
Expected ';', got ')'
  329 |       searchScope: "directory" as const,
  330 |     },
> 331 |   }));
      |    ^
  332 | }
  333 |
  334 | function buildCatalogSearchHits(schoolSlug?: string): SearchHit[] {

Parsing ecmascript source code failed

Import trace:
  Server Component:
    ./lib/server-directory.ts
    ./app/schools/[slug]/page.tsx @ http://localhost:3000/_next/static/chunks/node_modules_next_dist_115brz8._.js:3272
[ 1828041ms] [ERROR] ./lib/server-directory.ts:331:4
Expected ';', got ')'
  329 |       searchScope: "directory" as const,
  330 |     },
> 331 |   }));
      |    ^
  332 | }
  333 |
  334 | function buildCatalogSearchHits(schoolSlug?: string): SearchHit[] {

Parsing ecmascript source code failed

Import trace:
  Server Component:
    ./lib/server-directory.ts
    ./app/schools/[slug]/page.tsx @ http://localhost:3000/_next/static/chunks/node_modules_next_dist_115brz8._.js:3272
[ 1828104ms] [ERROR] ./lib/server-directory.ts:331:4
Expected ';', got ')'
  329 |       searchScope: "directory" as const,
  330 |     },
> 331 |   }));
      |    ^
  332 | }
  333 |
  334 | function buildCatalogSearchHits(schoolSlug?: string): SearchHit[] {

Parsing ecmascript source code failed

Import trace:
  Server Component:
    ./lib/server-directory.ts
    ./app/schools/[slug]/page.tsx @ http://localhost:3000/_next/static/chunks/node_modules_next_dist_115brz8._.js:3272
[ 1828166ms] [ERROR] ./lib/server-directory.ts:331:4
Expected ';', got ')'
  329 |       searchScope: "directory" as const,
  330 |     },
> 331 |   }));
      |    ^
  332 | }
  333 |
  334 | function buildCatalogSearchHits(schoolSlug?: string): SearchHit[] {

Parsing ecmascript source code failed

Import trace:
  Server Component:
    ./lib/server-directory.ts
    ./app/schools/[slug]/page.tsx @ http://localhost:3000/_next/static/chunks/node_modules_next_dist_115brz8._.js:3272
[ 1828227ms] [ERROR] ./lib/server-directory.ts:331:4
Expected ';', got ')'
  329 |       searchScope: "directory" as const,
  330 |     },
> 331 |   }));
      |    ^
  332 | }
  333 |
  334 | function buildCatalogSearchHits(schoolSlug?: string): SearchHit[] {

Parsing ecmascript source code failed

Import trace:
  Server Component:
    ./lib/server-directory.ts
    ./app/schools/[slug]/page.tsx @ http://localhost:3000/_next/static/chunks/node_modules_next_dist_115brz8._.js:3272
[ 1828291ms] [ERROR] ./lib/server-directory.ts:331:4
Expected ';', got ')'
  329 |       searchScope: "directory" as const,
  330 |     },
> 331 |   }));
      |    ^
  332 | }
  333 |
  334 | function buildCatalogSearchHits(schoolSlug?: string): SearchHit[] {

Parsing ecmascript source code failed

Import trace:
  Server Component:
    ./lib/server-directory.ts
    ./app/schools/[slug]/page.tsx @ http://localhost:3000/_next/static/chunks/node_modules_next_dist_115brz8._.js:3272
[ 1828352ms] [ERROR] ./lib/server-directory.ts:331:4
Expected ';', got ')'
  329 |       searchScope: "directory" as const,
  330 |     },
> 331 |   }));
      |    ^
  332 | }
  333 |
  334 | function buildCatalogSearchHits(schoolSlug?: string): SearchHit[] {

Parsing ecmascript source code failed

Import trace:
  Server Component:
    ./lib/server-directory.ts
    ./app/schools/[slug]/page.tsx @ http://localhost:3000/_next/static/chunks/node_modules_next_dist_115brz8._.js:3272
[ 1828415ms] [ERROR] ./lib/server-directory.ts:331:4
Expected ';', got ')'
  329 |       searchScope: "directory" as const,
  330 |     },
> 331 |   }));
      |    ^
  332 | }
  333 |
  334 | function buildCatalogSearchHits(schoolSlug?: string): SearchHit[] {

Parsing ecmascript source code failed

Import trace:
  Server Component:
    ./lib/server-directory.ts
    ./app/schools/[slug]/page.tsx @ http://localhost:3000/_next/static/chunks/node_modules_next_dist_115brz8._.js:3272
[ 1828473ms] [ERROR] ./lib/server-directory.ts:331:4
Expected ';', got ')'
  329 |       searchScope: "directory" as const,
  330 |     },
> 331 |   }));
      |    ^
  332 | }
  333 |
  334 | function buildCatalogSearchHits(schoolSlug?: string): SearchHit[] {

Parsing ecmascript source code failed

Import trace:
  Server Component:
    ./lib/server-directory.ts
    ./app/schools/[slug]/page.tsx @ http://localhost:3000/_next/static/chunks/node_modules_next_dist_115brz8._.js:3272
[ 1828479ms] [LOG] [Fast Refresh] rebuilding @ http://localhost:3000/_next/static/chunks/node_modules_next_dist_115brz8._.js:2431
[ 1828618ms] [LOG] [Fast Refresh] done in 6ms @ http://localhost:3000/_next/static/chunks/node_modules_next_dist_115brz8._.js:2431
[ 1828741ms] [LOG] [Fast Refresh] rebuilding @ http://localhost:3000/_next/static/chunks/node_modules_next_dist_115brz8._.js:2431
[ 1828762ms] [LOG] [Fast Refresh] done in 137ms @ http://localhost:3000/_next/static/chunks/node_modules_next_dist_115brz8._.js:2431
[ 1839326ms] [LOG] [Fast Refresh] rebuilding @ http://localhost:3000/_next/static/chunks/node_modules_next_dist_115brz8._.js:2431
[ 1839437ms] [LOG] [Fast Refresh] done in 154ms @ http://localhost:3000/_next/static/chunks/node_modules_next_dist_115brz8._.js:2431
[ 1839538ms] [LOG] [Fast Refresh] rebuilding @ http://localhost:3000/_next/static/chunks/node_modules_next_dist_115brz8._.js:2431
[ 1839822ms] [LOG] [Fast Refresh] done in 385ms @ http://localhost:3000/_next/static/chunks/node_modules_next_dist_115brz8._.js:2431
[ 1840142ms] [LOG] [Fast Refresh] rebuilding @ http://localhost:3000/_next/static/chunks/node_modules_next_dist_115brz8._.js:2431
[ 1840457ms] [LOG] [Fast Refresh] done in 418ms @ http://localhost:3000/_next/static/chunks/node_modules_next_dist_115brz8._.js:2431
[ 1840588ms] [LOG] [Fast Refresh] rebuilding @ http://localhost:3000/_next/static/chunks/node_modules_next_dist_115brz8._.js:2431
[ 1840653ms] [LOG] [Fast Refresh] done in 172ms @ http://localhost:3000/_next/static/chunks/node_modules_next_dist_115brz8._.js:2431
[ 1840775ms] [LOG] [Fast Refresh] rebuilding @ http://localhost:3000/_next/static/chunks/node_modules_next_dist_115brz8._.js:2431
[ 1840811ms] [LOG] [Fast Refresh] done in 144ms @ http://localhost:3000/_next/static/chunks/node_modules_next_dist_115brz8._.js:2431
[ 1840918ms] [LOG] [Fast Refresh] rebuilding @ http://localhost:3000/_next/static/chunks/node_modules_next_dist_115brz8._.js:2431
[ 1841004ms] [LOG] [Fast Refresh] done in 193ms @ http://localhost:3000/_next/static/chunks/node_modules_next_dist_115brz8._.js:2431
[ 1841138ms] [LOG] [Fast Refresh] rebuilding @ http://localhost:3000/_next/static/chunks/node_modules_next_dist_115brz8._.js:2431
[ 1841172ms] [LOG] [Fast Refresh] done in 144ms @ http://localhost:3000/_next/static/chunks/node_modules_next_dist_115brz8._.js:2431
[ 1841275ms] [LOG] [Fast Refresh] rebuilding @ http://localhost:3000/_next/static/chunks/node_modules_next_dist_115brz8._.js:2431
[ 1841281ms] [LOG] [Fast Refresh] done in 109ms @ http://localhost:3000/_next/static/chunks/node_modules_next_dist_115brz8._.js:2431
[ 1841943ms] [LOG] [Fast Refresh] rebuilding @ http://localhost:3000/_next/static/chunks/node_modules_next_dist_115brz8._.js:2431
[ 1842222ms] [LOG] [Fast Refresh] done in 27ms @ http://localhost:3000/_next/static/chunks/node_modules_next_dist_115brz8._.js:2431
[ 1842949ms] [LOG] [Fast Refresh] rebuilding @ http://localhost:3000/_next/static/chunks/node_modules_next_dist_115brz8._.js:2431
[ 1843014ms] [LOG] [Fast Refresh] done in 56ms @ http://localhost:3000/_next/static/chunks/node_modules_next_dist_115brz8._.js:2431
[ 1843131ms] [LOG] [Fast Refresh] rebuilding @ http://localhost:3000/_next/static/chunks/node_modules_next_dist_115brz8._.js:2431
[ 1843199ms] [LOG] [Fast Refresh] done in 181ms @ http://localhost:3000/_next/static/chunks/node_modules_next_dist_115brz8._.js:2431
[ 1844836ms] [LOG] [Fast Refresh] rebuilding @ http://localhost:3000/_next/static/chunks/node_modules_next_dist_115brz8._.js:2431
[ 1845329ms] [LOG] [Fast Refresh] done in 506ms @ http://localhost:3000/_next/static/chunks/node_modules_next_dist_115brz8._.js:2431
[ 1845577ms] [LOG] [Fast Refresh] rebuilding @ http://localhost:3000/_next/static/chunks/node_modules_next_dist_115brz8._.js:2431
[ 1845765ms] [LOG] [Fast Refresh] done in 291ms @ http://localhost:3000/_next/static/chunks/node_modules_next_dist_115brz8._.js:2431
[ 1845881ms] [LOG] [Fast Refresh] rebuilding @ http://localhost:3000/_next/static/chunks/node_modules_next_dist_115brz8._.js:2431
[ 1846008ms] [LOG] [Fast Refresh] done in 227ms @ http://localhost:3000/_next/static/chunks/node_modules_next_dist_115brz8._.js:2431
[ 1846116ms] [LOG] [Fast Refresh] rebuilding @ http://localhost:3000/_next/static/chunks/node_modules_next_dist_115brz8._.js:2431
[ 1846169ms] [LOG] [Fast Refresh] done in 156ms @ http://localhost:3000/_next/static/chunks/node_modules_next_dist_115brz8._.js:2431
[ 1846292ms] [LOG] [Fast Refresh] rebuilding @ http://localhost:3000/_next/static/chunks/node_modules_next_dist_115brz8._.js:2431
[ 1846466ms] [LOG] [Fast Refresh] done in 275ms @ http://localhost:3000/_next/static/chunks/node_modules_next_dist_115brz8._.js:2431
[ 1846592ms] [LOG] [Fast Refresh] rebuilding @ http://localhost:3000/_next/static/chunks/node_modules_next_dist_115brz8._.js:2431
[ 1846640ms] [LOG] [Fast Refresh] done in 150ms @ http://localhost:3000/_next/static/chunks/node_modules_next_dist_115brz8._.js:2431
[ 1846758ms] [LOG] [Fast Refresh] rebuilding @ http://localhost:3000/_next/static/chunks/node_modules_next_dist_115brz8._.js:2431
[ 1846767ms] [LOG] [Fast Refresh] done in 115ms @ http://localhost:3000/_next/static/chunks/node_modules_next_dist_115brz8._.js:2431
[ 1846892ms] [LOG] [Fast Refresh] rebuilding @ http://localhost:3000/_next/static/chunks/node_modules_next_dist_115brz8._.js:2431
[ 1846893ms] [LOG] [Fast Refresh] done in 105ms @ http://localhost:3000/_next/static/chunks/node_modules_next_dist_115brz8._.js:2431
[ 1853894ms] [LOG] [Fast Refresh] rebuilding @ http://localhost:3000/_next/static/chunks/node_modules_next_dist_115brz8._.js:2431
[ 1854073ms] [LOG] [Fast Refresh] done in 31ms @ http://localhost:3000/_next/static/chunks/node_modules_next_dist_115brz8._.js:2431
[ 1857975ms] [LOG] [Fast Refresh] rebuilding @ http://localhost:3000/_next/static/chunks/node_modules_next_dist_115brz8._.js:2431
[ 1858146ms] [LOG] [Fast Refresh] done in 31ms @ http://localhost:3000/_next/static/chunks/node_modules_next_dist_115brz8._.js:2431
[ 2259522ms] [LOG] [Fast Refresh] rebuilding @ http://localhost:3000/_next/static/chunks/node_modules_next_dist_115brz8._.js:2431
[ 2259708ms] [LOG] [Fast Refresh] done in 294ms @ http://localhost:3000/_next/static/chunks/node_modules_next_dist_115brz8._.js:2431
[ 2273365ms] [LOG] [Fast Refresh] rebuilding @ http://localhost:3000/_next/static/chunks/node_modules_next_dist_115brz8._.js:2431
[ 2273794ms] [LOG] [Fast Refresh] done in 537ms @ http://localhost:3000/_next/static/chunks/node_modules_next_dist_115brz8._.js:2431
[ 2274333ms] [LOG] [Fast Refresh] rebuilding @ http://localhost:3000/_next/static/chunks/node_modules_next_dist_115brz8._.js:2431
[ 2275507ms] [LOG] [Fast Refresh] done in 1276ms @ http://localhost:3000/_next/static/chunks/node_modules_next_dist_115brz8._.js:2431
[ 2276545ms] [LOG] [Fast Refresh] rebuilding @ http://localhost:3000/_next/static/chunks/node_modules_next_dist_115brz8._.js:2431
[ 2276624ms] [LOG] [Fast Refresh] done in 185ms @ http://localhost:3000/_next/static/chunks/node_modules_next_dist_115brz8._.js:2431
[ 2277792ms] [LOG] [Fast Refresh] rebuilding @ http://localhost:3000/_next/static/chunks/node_modules_next_dist_115brz8._.js:2431
[ 2278765ms] [LOG] [Fast Refresh] done in 1088ms @ http://localhost:3000/_next/static/chunks/node_modules_next_dist_115brz8._.js:2431
[ 2278888ms] [LOG] [Fast Refresh] rebuilding @ http://localhost:3000/_next/static/chunks/node_modules_next_dist_115brz8._.js:2431
[ 2279824ms] [LOG] [Fast Refresh] done in 1049ms @ http://localhost:3000/_next/static/chunks/node_modules_next_dist_115brz8._.js:2431
[ 2280041ms] [LOG] [Fast Refresh] rebuilding @ http://localhost:3000/_next/static/chunks/node_modules_next_dist_115brz8._.js:2431
[ 2280145ms] [LOG] [Fast Refresh] done in 118ms @ http://localhost:3000/_next/static/chunks/node_modules_next_dist_115brz8._.js:2431
[ 2280258ms] [LOG] [Fast Refresh] rebuilding @ http://localhost:3000/_next/static/chunks/node_modules_next_dist_115brz8._.js:2431
[ 2280601ms] [LOG] [Fast Refresh] done in 449ms @ http://localhost:3000/_next/static/chunks/node_modules_next_dist_115brz8._.js:2431
[ 2280754ms] [LOG] [Fast Refresh] rebuilding @ http://localhost:3000/_next/static/chunks/node_modules_next_dist_115brz8._.js:2431
[ 2280755ms] [LOG] [Fast Refresh] done in 101ms @ http://localhost:3000/_next/static/chunks/node_modules_next_dist_115brz8._.js:2431
[ 2280969ms] [LOG] [Fast Refresh] rebuilding @ http://localhost:3000/_next/static/chunks/node_modules_next_dist_115brz8._.js:2431
[ 2281014ms] [ERROR] %o

%s ReferenceError: estimateBuckets is not defined
    at <anonymous> (about://React/Server/C:%5CProjects%5CCursor%5CCollege%20Professor%20Analyzer%5C.next%5Cdev%5Cserver%5Cchunks%5Cssr%5C%5Broot-of-the-server%5D__0mcldcb._.js?531:1891:26)
    at Array.map (<anonymous>:1:18)
    at <anonymous> (about://React/Server/C:%5CProjects%5CCursor%5CCollege%20Professor%20Analyzer%5C.next%5Cdev%5Cserver%5Cchunks%5Cssr%5C%5Broot-of-the-server%5D__0mcldcb._.js?532:1880:91)
    at Array.flatMap (<anonymous>:1:22)
    at deriveGradeDistributionSeries (about://React/Server/C:%5CProjects%5CCursor%5CCollege%20Professor%20Analyzer%5C.next%5Cdev%5Cserver%5Cchunks%5Cssr%5C%5Broot-of-the-server%5D__0mcldcb._.js?533:1878:22)
    at buildFallbackSnapshot (about://React/Server/C:%5CProjects%5CCursor%5CCollege%20Professor%20Analyzer%5C.next%5Cdev%5Cserver%5Cchunks%5Cssr%5C%5Broot-of-the-server%5D__0mcldcb._.js?534:2001:34)
    at getSnapshot (about://React/Server/C:%5CProjects%5CCursor%5CCollege%20Professor%20Analyzer%5C.next%5Cdev%5Cserver%5Cchunks%5Cssr%5C%5Broot-of-the-server%5D__0mcldcb._.js?535:2037:22)
    at getCatalogSchools (about://React/Server/C:%5CProjects%5CCursor%5CCollege%20Professor%20Analyzer%5C.next%5Cdev%5Cserver%5Cchunks%5Cssr%5C%5Broot-of-the-server%5D__0mcldcb._.js?536:2057:12)
    at getCatalogSchoolBySlug (about://React/Server/C:%5CProjects%5CCursor%5CCollege%20Professor%20Analyzer%5C.next%5Cdev%5Cserver%5Cchunks%5Cssr%5C%5Broot-of-the-server%5D__0mcldcb._.js?537:2080:12)
    at getProfessorProfile (about://React/Server/C:%5CProjects%5CCursor%5CCollege%20Professor%20Analyzer%5C.next%5Cdev%5Cserver%5Cchunks%5Cssr%5C%5Broot-of-the-server%5D__0mcldcb._.js?538:2122:20)
    at ProfessorPage (about://React/Server/C:%5CProjects%5CCursor%5CCollege%20Professor%20Analyzer%5C.next%5Cdev%5Cserver%5Cchunks%5Cssr%5C%5Broot-of-the-server%5D__0mcldcb._.js?539:2323:159)
    at resolveErrorDev (http://localhost:3000/_next/static/chunks/node_modules_next_dist_compiled_react-server-dom-turbopack_0p3wegg._.js:1919:150)
    at processFullStringRow (http://localhost:3000/_next/static/chunks/node_modules_next_dist_compiled_react-server-dom-turbopack_0p3wegg._.js:2434:29)
    at processFullBinaryRow (http://localhost:3000/_next/static/chunks/node_modules_next_dist_compiled_react-server-dom-turbopack_0p3wegg._.js:2393:9)
    at processBinaryChunk (http://localhost:3000/_next/static/chunks/node_modules_next_dist_compiled_react-server-dom-turbopack_0p3wegg._.js:2502:221)
    at progress (http://localhost:3000/_next/static/chunks/node_modules_next_dist_compiled_react-server-dom-turbopack_0p3wegg._.js:2689:13) The above error occurred in the <ProfessorPage> component. It was handled by the <ErrorBoundaryHandler> error boundary. @ http://localhost:3000/_next/static/chunks/node_modules_next_dist_client_0fhqo1d._.js:1998
[ 2281058ms] [ERROR] ReferenceError: estimateBuckets is not defined
    at <anonymous> (about://React/Server/C:%5CProjects%5CCursor%5CCollege%20Professor%20Analyzer%5C.next%5Cdev%5Cserver%5Cchunks%5Cssr%5C%5Broot-of-the-server%5D__0mcldcb._.js?531:1891:26)
    at Array.map (<anonymous>:1:18)
    at <anonymous> (about://React/Server/C:%5CProjects%5CCursor%5CCollege%20Professor%20Analyzer%5C.next%5Cdev%5Cserver%5Cchunks%5Cssr%5C%5Broot-of-the-server%5D__0mcldcb._.js?532:1880:91)
    at Array.flatMap (<anonymous>:1:22)
    at deriveGradeDistributionSeries (about://React/Server/C:%5CProjects%5CCursor%5CCollege%20Professor%20Analyzer%5C.next%5Cdev%5Cserver%5Cchunks%5Cssr%5C%5Broot-of-the-server%5D__0mcldcb._.js?533:1878:22)
    at buildFallbackSnapshot (about://React/Server/C:%5CProjects%5CCursor%5CCollege%20Professor%20Analyzer%5C.next%5Cdev%5Cserver%5Cchunks%5Cssr%5C%5Broot-of-the-server%5D__0mcldcb._.js?534:2001:34)
    at getSnapshot (about://React/Server/C:%5CProjects%5CCursor%5CCollege%20Professor%20Analyzer%5C.next%5Cdev%5Cserver%5Cchunks%5Cssr%5C%5Broot-of-the-server%5D__0mcldcb._.js?535:2037:22)
    at getCatalogSchools (about://React/Server/C:%5CProjects%5CCursor%5CCollege%20Professor%20Analyzer%5C.next%5Cdev%5Cserver%5Cchunks%5Cssr%5C%5Broot-of-the-server%5D__0mcldcb._.js?536:2057:12)
    at getCatalogSchoolBySlug (about://React/Server/C:%5CProjects%5CCursor%5CCollege%20Professor%20Analyzer%5C.next%5Cdev%5Cserver%5Cchunks%5Cssr%5C%5Broot-of-the-server%5D__0mcldcb._.js?537:2080:12)
    at getProfessorProfile (about://React/Server/C:%5CProjects%5CCursor%5CCollege%20Professor%20Analyzer%5C.next%5Cdev%5Cserver%5Cchunks%5Cssr%5C%5Broot-of-the-server%5D__0mcldcb._.js?538:2122:20)
    at ProfessorPage (about://React/Server/C:%5CProjects%5CCursor%5CCollege%20Professor%20Analyzer%5C.next%5Cdev%5Cserver%5Cchunks%5Cssr%5C%5Broot-of-the-server%5D__0mcldcb._.js?539:2323:159)
    at resolveErrorDev (http://localhost:3000/_next/static/chunks/node_modules_next_dist_compiled_react-server-dom-turbopack_0p3wegg._.js:1919:150)
    at processFullStringRow (http://localhost:3000/_next/static/chunks/node_modules_next_dist_compiled_react-server-dom-turbopack_0p3wegg._.js:2434:29)
    at processFullBinaryRow (http://localhost:3000/_next/static/chunks/node_modules_next_dist_compiled_react-server-dom-turbopack_0p3wegg._.js:2393:9)
    at processBinaryChunk (http://localhost:3000/_next/static/chunks/node_modules_next_dist_compiled_react-server-dom-turbopack_0p3wegg._.js:2502:221)
    at progress (http://localhost:3000/_next/static/chunks/node_modules_next_dist_compiled_react-server-dom-turbopack_0p3wegg._.js:2689:13) @ http://localhost:3000/_next/static/chunks/node_modules_next_dist_115brz8._.js:3272
[ 2281059ms] [ERROR] ReferenceError: estimateBuckets is not defined
    at <anonymous> (about://React/Server/C:%5CProjects%5CCursor%5CCollege%20Professor%20Analyzer%5C.next%5Cdev%5Cserver%5Cchunks%5Cssr%5C%5Broot-of-the-server%5D__0mcldcb._.js?531:1891:26)
    at Array.map (<anonymous>:1:18)
    at <anonymous> (about://React/Server/C:%5CProjects%5CCursor%5CCollege%20Professor%20Analyzer%5C.next%5Cdev%5Cserver%5Cchunks%5Cssr%5C%5Broot-of-the-server%5D__0mcldcb._.js?532:1880:91)
    at Array.flatMap (<anonymous>:1:22)
    at deriveGradeDistributionSeries (about://React/Server/C:%5CProjects%5CCursor%5CCollege%20Professor%20Analyzer%5C.next%5Cdev%5Cserver%5Cchunks%5Cssr%5C%5Broot-of-the-server%5D__0mcldcb._.js?533:1878:22)
    at buildFallbackSnapshot (about://React/Server/C:%5CProjects%5CCursor%5CCollege%20Professor%20Analyzer%5C.next%5Cdev%5Cserver%5Cchunks%5Cssr%5C%5Broot-of-the-server%5D__0mcldcb._.js?534:2001:34)
    at getSnapshot (about://React/Server/C:%5CProjects%5CCursor%5CCollege%20Professor%20Analyzer%5C.next%5Cdev%5Cserver%5Cchunks%5Cssr%5C%5Broot-of-the-server%5D__0mcldcb._.js?535:2037:22)
    at getCatalogSchools (about://React/Server/C:%5CProjects%5CCursor%5CCollege%20Professor%20Analyzer%5C.next%5Cdev%5Cserver%5Cchunks%5Cssr%5C%5Broot-of-the-server%5D__0mcldcb._.js?536:2057:12)
    at getCatalogSchoolBySlug (about://React/Server/C:%5CProjects%5CCursor%5CCollege%20Professor%20Analyzer%5C.next%5Cdev%5Cserver%5Cchunks%5Cssr%5C%5Broot-of-the-server%5D__0mcldcb._.js?537:2080:12)
    at getProfessorProfile (about://React/Server/C:%5CProjects%5CCursor%5CCollege%20Professor%20Analyzer%5C.next%5Cdev%5Cserver%5Cchunks%5Cssr%5C%5Broot-of-the-server%5D__0mcldcb._.js?538:2122:20)
    at ProfessorPage (about://React/Server/C:%5CProjects%5CCursor%5CCollege%20Professor%20Analyzer%5C.next%5Cdev%5Cserver%5Cchunks%5Cssr%5C%5Broot-of-the-server%5D__0mcldcb._.js?539:2323:159)
    at resolveErrorDev (http://localhost:3000/_next/static/chunks/node_modules_next_dist_compiled_react-server-dom-turbopack_0p3wegg._.js:1919:150)
    at processFullStringRow (http://localhost:3000/_next/static/chunks/node_modules_next_dist_compiled_react-server-dom-turbopack_0p3wegg._.js:2434:29)
    at processFullBinaryRow (http://localhost:3000/_next/static/chunks/node_modules_next_dist_compiled_react-server-dom-turbopack_0p3wegg._.js:2393:9)
    at processBinaryChunk (http://localhost:3000/_next/static/chunks/node_modules_next_dist_compiled_react-server-dom-turbopack_0p3wegg._.js:2502:221)
    at progress (http://localhost:3000/_next/static/chunks/node_modules_next_dist_compiled_react-server-dom-turbopack_0p3wegg._.js:2689:13) @ http://localhost:3000/_next/static/chunks/node_modules_next_dist_115brz8._.js:3272
[ 2281067ms] [LOG] [Fast Refresh] done in 215ms @ http://localhost:3000/_next/static/chunks/node_modules_next_dist_115brz8._.js:2431
[ 2281191ms] [LOG] [Fast Refresh] rebuilding @ http://localhost:3000/_next/static/chunks/node_modules_next_dist_115brz8._.js:2431
[ 2281242ms] [LOG] [Fast Refresh] done in 156ms @ http://localhost:3000/_next/static/chunks/node_modules_next_dist_115brz8._.js:2431
[ 2282420ms] [LOG] [Fast Refresh] rebuilding @ http://localhost:3000/_next/static/chunks/node_modules_next_dist_115brz8._.js:2431
[ 2282844ms] [LOG] [Fast Refresh] done in 522ms @ http://localhost:3000/_next/static/chunks/node_modules_next_dist_115brz8._.js:2431
[ 2282958ms] [LOG] [Fast Refresh] rebuilding @ http://localhost:3000/_next/static/chunks/node_modules_next_dist_115brz8._.js:2431
[ 2283005ms] [LOG] [Fast Refresh] done in 158ms @ http://localhost:3000/_next/static/chunks/node_modules_next_dist_115brz8._.js:2431
[ 2283130ms] [LOG] [Fast Refresh] rebuilding @ http://localhost:3000/_next/static/chunks/node_modules_next_dist_115brz8._.js:2431
[ 2283153ms] [LOG] [Fast Refresh] done in 125ms @ http://localhost:3000/_next/static/chunks/node_modules_next_dist_115brz8._.js:2431
[ 2283475ms] [LOG] [Fast Refresh] rebuilding @ http://localhost:3000/_next/static/chunks/node_modules_next_dist_115brz8._.js:2431
[ 2283496ms] [LOG] [Fast Refresh] done in 123ms @ http://localhost:3000/_next/static/chunks/node_modules_next_dist_115brz8._.js:2431
[ 2283607ms] [LOG] [Fast Refresh] rebuilding @ http://localhost:3000/_next/static/chunks/node_modules_next_dist_115brz8._.js:2431
[ 2283740ms] [LOG] [Fast Refresh] done in 242ms @ http://localhost:3000/_next/static/chunks/node_modules_next_dist_115brz8._.js:2431
[ 2283874ms] [LOG] [Fast Refresh] rebuilding @ http://localhost:3000/_next/static/chunks/node_modules_next_dist_115brz8._.js:2431
[ 2283936ms] [LOG] [Fast Refresh] done in 168ms @ http://localhost:3000/_next/static/chunks/node_modules_next_dist_115brz8._.js:2431
[ 2284050ms] [LOG] [Fast Refresh] rebuilding @ http://localhost:3000/_next/static/chunks/node_modules_next_dist_115brz8._.js:2431
[ 2284097ms] [LOG] [Fast Refresh] done in 152ms @ http://localhost:3000/_next/static/chunks/node_modules_next_dist_115brz8._.js:2431
[ 2284270ms] [LOG] [Fast Refresh] rebuilding @ http://localhost:3000/_next/static/chunks/node_modules_next_dist_115brz8._.js:2431
[ 2284289ms] [LOG] [Fast Refresh] done in 121ms @ http://localhost:3000/_next/static/chunks/node_modules_next_dist_115brz8._.js:2431
[ 2284407ms] [LOG] [Fast Refresh] rebuilding @ http://localhost:3000/_next/static/chunks/node_modules_next_dist_115brz8._.js:2431
[ 2284469ms] [LOG] [Fast Refresh] done in 171ms @ http://localhost:3000/_next/static/chunks/node_modules_next_dist_115brz8._.js:2431
[ 2284591ms] [LOG] [Fast Refresh] rebuilding @ http://localhost:3000/_next/static/chunks/node_modules_next_dist_115brz8._.js:2431
[ 2284647ms] [LOG] [Fast Refresh] done in 159ms @ http://localhost:3000/_next/static/chunks/node_modules_next_dist_115brz8._.js:2431
[ 2284757ms] [LOG] [Fast Refresh] rebuilding @ http://localhost:3000/_next/static/chunks/node_modules_next_dist_115brz8._.js:2431
[ 2284817ms] [LOG] [Fast Refresh] done in 163ms @ http://localhost:3000/_next/static/chunks/node_modules_next_dist_115brz8._.js:2431
[ 2284929ms] [LOG] [Fast Refresh] rebuilding @ http://localhost:3000/_next/static/chunks/node_modules_next_dist_115brz8._.js:2431
[ 2284933ms] [LOG] [Fast Refresh] done in 103ms @ http://localhost:3000/_next/static/chunks/node_modules_next_dist_115brz8._.js:2431
[ 2285057ms] [LOG] [Fast Refresh] rebuilding @ http://localhost:3000/_next/static/chunks/node_modules_next_dist_115brz8._.js:2431
[ 2285094ms] [LOG] [Fast Refresh] done in 141ms @ http://localhost:3000/_next/static/chunks/node_modules_next_dist_115brz8._.js:2431
[ 2285199ms] [LOG] [Fast Refresh] rebuilding @ http://localhost:3000/_next/static/chunks/node_modules_next_dist_115brz8._.js:2431
[ 2285265ms] [LOG] [Fast Refresh] done in 171ms @ http://localhost:3000/_next/static/chunks/node_modules_next_dist_115brz8._.js:2431
[ 2285386ms] [LOG] [Fast Refresh] rebuilding @ http://localhost:3000/_next/static/chunks/node_modules_next_dist_115brz8._.js:2431
[ 2285541ms] [LOG] [Fast Refresh] done in 259ms @ http://localhost:3000/_next/static/chunks/node_modules_next_dist_115brz8._.js:2431
[ 2285902ms] [LOG] [Fast Refresh] rebuilding @ http://localhost:3000/_next/static/chunks/node_modules_next_dist_115brz8._.js:2431
[ 2285918ms] [LOG] [Fast Refresh] done in 122ms @ http://localhost:3000/_next/static/chunks/node_modules_next_dist_115brz8._.js:2431
[ 2286021ms] [LOG] [Fast Refresh] rebuilding @ http://localhost:3000/_next/static/chunks/node_modules_next_dist_115brz8._.js:2431
[ 2286266ms] [LOG] [Fast Refresh] done in 348ms @ http://localhost:3000/_next/static/chunks/node_modules_next_dist_115brz8._.js:2431
[ 2286512ms] [LOG] [Fast Refresh] rebuilding @ http://localhost:3000/_next/static/chunks/node_modules_next_dist_115brz8._.js:2431
[ 2286548ms] [LOG] [Fast Refresh] done in 140ms @ http://localhost:3000/_next/static/chunks/node_modules_next_dist_115brz8._.js:2431
[ 2286655ms] [LOG] [Fast Refresh] rebuilding @ http://localhost:3000/_next/static/chunks/node_modules_next_dist_115brz8._.js:2431
[ 2286705ms] [LOG] [Fast Refresh] done in 157ms @ http://localhost:3000/_next/static/chunks/node_modules_next_dist_115brz8._.js:2431
[ 2286825ms] [LOG] [Fast Refresh] rebuilding @ http://localhost:3000/_next/static/chunks/node_modules_next_dist_115brz8._.js:2431
[ 2286891ms] [LOG] [Fast Refresh] done in 172ms @ http://localhost:3000/_next/static/chunks/node_modules_next_dist_115brz8._.js:2431
[ 2287093ms] [LOG] [Fast Refresh] rebuilding @ http://localhost:3000/_next/static/chunks/node_modules_next_dist_115brz8._.js:2431
[ 2287096ms] [LOG] [Fast Refresh] done in 102ms @ http://localhost:3000/_next/static/chunks/node_modules_next_dist_115brz8._.js:2431
[ 2287219ms] [LOG] [Fast Refresh] rebuilding @ http://localhost:3000/_next/static/chunks/node_modules_next_dist_115brz8._.js:2431
[ 2287227ms] [LOG] [Fast Refresh] done in 113ms @ http://localhost:3000/_next/static/chunks/node_modules_next_dist_115brz8._.js:2431
[ 2287332ms] [LOG] [Fast Refresh] rebuilding @ http://localhost:3000/_next/static/chunks/node_modules_next_dist_115brz8._.js:2431
[ 2287427ms] [LOG] [Fast Refresh] done in 197ms @ http://localhost:3000/_next/static/chunks/node_modules_next_dist_115brz8._.js:2431
[ 2287657ms] [LOG] [Fast Refresh] rebuilding @ http://localhost:3000/_next/static/chunks/node_modules_next_dist_115brz8._.js:2431
[ 2287720ms] [LOG] [Fast Refresh] done in 167ms @ http://localhost:3000/_next/static/chunks/node_modules_next_dist_115brz8._.js:2431
[ 2287842ms] [LOG] [Fast Refresh] rebuilding @ http://localhost:3000/_next/static/chunks/node_modules_next_dist_115brz8._.js:2431
[ 2287856ms] [LOG] [Fast Refresh] done in 114ms @ http://localhost:3000/_next/static/chunks/node_modules_next_dist_115brz8._.js:2431
[ 2287966ms] [LOG] [Fast Refresh] rebuilding @ http://localhost:3000/_next/static/chunks/node_modules_next_dist_115brz8._.js:2431
[ 2288037ms] [LOG] [Fast Refresh] done in 173ms @ http://localhost:3000/_next/static/chunks/node_modules_next_dist_115brz8._.js:2431
[ 2288154ms] [LOG] [Fast Refresh] rebuilding @ http://localhost:3000/_next/static/chunks/node_modules_next_dist_115brz8._.js:2431
[ 2288215ms] [LOG] [Fast Refresh] done in 172ms @ http://localhost:3000/_next/static/chunks/node_modules_next_dist_115brz8._.js:2431
[ 2288341ms] [LOG] [Fast Refresh] rebuilding @ http://localhost:3000/_next/static/chunks/node_modules_next_dist_115brz8._.js:2431
[ 2288352ms] [LOG] [Fast Refresh] done in 124ms @ http://localhost:3000/_next/static/chunks/node_modules_next_dist_115brz8._.js:2431
[ 2288468ms] [LOG] [Fast Refresh] rebuilding @ http://localhost:3000/_next/static/chunks/node_modules_next_dist_115brz8._.js:2431
[ 2288491ms] [LOG] [Fast Refresh] done in 131ms @ http://localhost:3000/_next/static/chunks/node_modules_next_dist_115brz8._.js:2431
[ 2288607ms] [LOG] [Fast Refresh] rebuilding @ http://localhost:3000/_next/static/chunks/node_modules_next_dist_115brz8._.js:2431
[ 2288614ms] [LOG] [Fast Refresh] done in 117ms @ http://localhost:3000/_next/static/chunks/node_modules_next_dist_115brz8._.js:2431
[ 2288741ms] [LOG] [Fast Refresh] rebuilding @ http://localhost:3000/_next/static/chunks/node_modules_next_dist_115brz8._.js:2431
[ 2288749ms] [LOG] [Fast Refresh] done in 115ms @ http://localhost:3000/_next/static/chunks/node_modules_next_dist_115brz8._.js:2431
[ 2288859ms] [LOG] [Fast Refresh] rebuilding @ http://localhost:3000/_next/static/chunks/node_modules_next_dist_115brz8._.js:2431
[ 2288909ms] [LOG] [Fast Refresh] done in 153ms @ http://localhost:3000/_next/static/chunks/node_modules_next_dist_115brz8._.js:2431
[ 2289033ms] [LOG] [Fast Refresh] rebuilding @ http://localhost:3000/_next/static/chunks/node_modules_next_dist_115brz8._.js:2431
[ 2289093ms] [LOG] [Fast Refresh] done in 167ms @ http://localhost:3000/_next/static/chunks/node_modules_next_dist_115brz8._.js:2431
[ 2289224ms] [LOG] [Fast Refresh] rebuilding @ http://localhost:3000/_next/static/chunks/node_modules_next_dist_115brz8._.js:2431
[ 2289288ms] [LOG] [Fast Refresh] done in 174ms @ http://localhost:3000/_next/static/chunks/node_modules_next_dist_115brz8._.js:2431
[ 2289408ms] [LOG] [Fast Refresh] rebuilding @ http://localhost:3000/_next/static/chunks/node_modules_next_dist_115brz8._.js:2431
[ 2289473ms] [LOG] [Fast Refresh] done in 170ms @ http://localhost:3000/_next/static/chunks/node_modules_next_dist_115brz8._.js:2431
[ 2289592ms] [LOG] [Fast Refresh] rebuilding @ http://localhost:3000/_next/static/chunks/node_modules_next_dist_115brz8._.js:2431
[ 2289651ms] [LOG] [Fast Refresh] done in 162ms @ http://localhost:3000/_next/static/chunks/node_modules_next_dist_115brz8._.js:2431
[ 2289777ms] [LOG] [Fast Refresh] rebuilding @ http://localhost:3000/_next/static/chunks/node_modules_next_dist_115brz8._.js:2431
[ 2289864ms] [LOG] [Fast Refresh] done in 187ms @ http://localhost:3000/_next/static/chunks/node_modules_next_dist_115brz8._.js:2431
[ 2289983ms] [LOG] [Fast Refresh] rebuilding @ http://localhost:3000/_next/static/chunks/node_modules_next_dist_115brz8._.js:2431
[ 2290019ms] [LOG] [Fast Refresh] done in 140ms @ http://localhost:3000/_next/static/chunks/node_modules_next_dist_115brz8._.js:2431
[ 2290029ms] [LOG] [Fast Refresh] rebuilding @ http://localhost:3000/_next/static/chunks/node_modules_next_dist_115brz8._.js:2431
[ 2290347ms] [LOG] [Fast Refresh] done in 24ms @ http://localhost:3000/_next/static/chunks/node_modules_next_dist_115brz8._.js:2431
[ 2290473ms] [LOG] [Fast Refresh] rebuilding @ http://localhost:3000/_next/static/chunks/node_modules_next_dist_115brz8._.js:2431
[ 2290642ms] [LOG] [Fast Refresh] done in 280ms @ http://localhost:3000/_next/static/chunks/node_modules_next_dist_115brz8._.js:2431
[ 2290772ms] [LOG] [Fast Refresh] rebuilding @ http://localhost:3000/_next/static/chunks/node_modules_next_dist_115brz8._.js:2431
[ 2290792ms] [LOG] [Fast Refresh] done in 130ms @ http://localhost:3000/_next/static/chunks/node_modules_next_dist_115brz8._.js:2431
[ 2290907ms] [LOG] [Fast Refresh] rebuilding @ http://localhost:3000/_next/static/chunks/node_modules_next_dist_115brz8._.js:2431
[ 2290943ms] [LOG] [Fast Refresh] done in 143ms @ http://localhost:3000/_next/static/chunks/node_modules_next_dist_115brz8._.js:2431
[ 2291071ms] [LOG] [Fast Refresh] rebuilding @ http://localhost:3000/_next/static/chunks/node_modules_next_dist_115brz8._.js:2431
[ 2291113ms] [LOG] [Fast Refresh] done in 151ms @ http://localhost:3000/_next/static/chunks/node_modules_next_dist_115brz8._.js:2431
[ 2291214ms] [LOG] [Fast Refresh] rebuilding @ http://localhost:3000/_next/static/chunks/node_modules_next_dist_115brz8._.js:2431
[ 2291260ms] [LOG] [Fast Refresh] done in 146ms @ http://localhost:3000/_next/static/chunks/node_modules_next_dist_115brz8._.js:2431
[ 2291370ms] [LOG] [Fast Refresh] rebuilding @ http://localhost:3000/_next/static/chunks/node_modules_next_dist_115brz8._.js:2431
[ 2291456ms] [LOG] [Fast Refresh] done in 196ms @ http://localhost:3000/_next/static/chunks/node_modules_next_dist_115brz8._.js:2431
[ 2291590ms] [LOG] [Fast Refresh] rebuilding @ http://localhost:3000/_next/static/chunks/node_modules_next_dist_115brz8._.js:2431
[ 2291657ms] [LOG] [Fast Refresh] done in 175ms @ http://localhost:3000/_next/static/chunks/node_modules_next_dist_115brz8._.js:2431
[ 2291774ms] [LOG] [Fast Refresh] rebuilding @ http://localhost:3000/_next/static/chunks/node_modules_next_dist_115brz8._.js:2431
[ 2291835ms] [LOG] [Fast Refresh] done in 166ms @ http://localhost:3000/_next/static/chunks/node_modules_next_dist_115brz8._.js:2431
[ 2291951ms] [LOG] [Fast Refresh] rebuilding @ http://localhost:3000/_next/static/chunks/node_modules_next_dist_115brz8._.js:2431
[ 2292032ms] [LOG] [Fast Refresh] done in 187ms @ http://localhost:3000/_next/static/chunks/node_modules_next_dist_115brz8._.js:2431
[ 2292158ms] [LOG] [Fast Refresh] rebuilding @ http://localhost:3000/_next/static/chunks/node_modules_next_dist_115brz8._.js:2431
[ 2292168ms] [LOG] [Fast Refresh] done in 114ms @ http://localhost:3000/_next/static/chunks/node_modules_next_dist_115brz8._.js:2431
[ 2292274ms] [LOG] [Fast Refresh] rebuilding @ http://localhost:3000/_next/static/chunks/node_modules_next_dist_115brz8._.js:2431
[ 2292370ms] [LOG] [Fast Refresh] done in 197ms @ http://localhost:3000/_next/static/chunks/node_modules_next_dist_115brz8._.js:2431
[ 2292741ms] [LOG] [Fast Refresh] rebuilding @ http://localhost:3000/_next/static/chunks/node_modules_next_dist_115brz8._.js:2431
[ 2292762ms] [LOG] [Fast Refresh] done in 122ms @ http://localhost:3000/_next/static/chunks/node_modules_next_dist_115brz8._.js:2431
[ 2292871ms] [LOG] [Fast Refresh] rebuilding @ http://localhost:3000/_next/static/chunks/node_modules_next_dist_115brz8._.js:2431
[ 2293039ms] [LOG] [Fast Refresh] done in 276ms @ http://localhost:3000/_next/static/chunks/node_modules_next_dist_115brz8._.js:2431
[ 2293224ms] [LOG] [Fast Refresh] rebuilding @ http://localhost:3000/_next/static/chunks/node_modules_next_dist_115brz8._.js:2431
[ 2293279ms] [LOG] [Fast Refresh] done in 157ms @ http://localhost:3000/_next/static/chunks/node_modules_next_dist_115brz8._.js:2431
[ 2293406ms] [LOG] [Fast Refresh] rebuilding @ http://localhost:3000/_next/static/chunks/node_modules_next_dist_115brz8._.js:2431
[ 2293477ms] [LOG] [Fast Refresh] done in 176ms @ http://localhost:3000/_next/static/chunks/node_modules_next_dist_115brz8._.js:2431
[ 2293592ms] [LOG] [Fast Refresh] rebuilding @ http://localhost:3000/_next/static/chunks/node_modules_next_dist_115brz8._.js:2431
[ 2293673ms] [LOG] [Fast Refresh] done in 184ms @ http://localhost:3000/_next/static/chunks/node_modules_next_dist_115brz8._.js:2431
[ 2293874ms] [LOG] [Fast Refresh] rebuilding @ http://localhost:3000/_next/static/chunks/node_modules_next_dist_115brz8._.js:2431
[ 2293891ms] [LOG] [Fast Refresh] done in 126ms @ http://localhost:3000/_next/static/chunks/node_modules_next_dist_115brz8._.js:2431
[ 2293999ms] [LOG] [Fast Refresh] rebuilding @ http://localhost:3000/_next/static/chunks/node_modules_next_dist_115brz8._.js:2431
[ 2294060ms] [LOG] [Fast Refresh] done in 162ms @ http://localhost:3000/_next/static/chunks/node_modules_next_dist_115brz8._.js:2431
[ 2294171ms] [LOG] [Fast Refresh] rebuilding @ http://localhost:3000/_next/static/chunks/node_modules_next_dist_115brz8._.js:2431
[ 2294308ms] [LOG] [Fast Refresh] done in 243ms @ http://localhost:3000/_next/static/chunks/node_modules_next_dist_115brz8._.js:2431
[ 2294541ms] [LOG] [Fast Refresh] rebuilding @ http://localhost:3000/_next/static/chunks/node_modules_next_dist_115brz8._.js:2431
[ 2294571ms] [LOG] [Fast Refresh] done in 137ms @ http://localhost:3000/_next/static/chunks/node_modules_next_dist_115brz8._.js:2431
[ 2294674ms] [LOG] [Fast Refresh] rebuilding @ http://localhost:3000/_next/static/chunks/node_modules_next_dist_115brz8._.js:2431
[ 2294740ms] [LOG] [Fast Refresh] done in 168ms @ http://localhost:3000/_next/static/chunks/node_modules_next_dist_115brz8._.js:2431
[ 2294857ms] [LOG] [Fast Refresh] rebuilding @ http://localhost:3000/_next/static/chunks/node_modules_next_dist_115brz8._.js:2431
[ 2294974ms] [LOG] [Fast Refresh] done in 230ms @ http://localhost:3000/_next/static/chunks/node_modules_next_dist_115brz8._.js:2431
[ 2295091ms] [LOG] [Fast Refresh] rebuilding @ http://localhost:3000/_next/static/chunks/node_modules_next_dist_115brz8._.js:2431
[ 2295201ms] [LOG] [Fast Refresh] done in 216ms @ http://localhost:3000/_next/static/chunks/node_modules_next_dist_115brz8._.js:2431
[ 2295309ms] [LOG] [Fast Refresh] rebuilding @ http://localhost:3000/_next/static/chunks/node_modules_next_dist_115brz8._.js:2431
[ 2295374ms] [LOG] [Fast Refresh] done in 168ms @ http://localhost:3000/_next/static/chunks/node_modules_next_dist_115brz8._.js:2431
[ 2295491ms] [LOG] [Fast Refresh] rebuilding @ http://localhost:3000/_next/static/chunks/node_modules_next_dist_115brz8._.js:2431
[ 2295564ms] [LOG] [Fast Refresh] done in 174ms @ http://localhost:3000/_next/static/chunks/node_modules_next_dist_115brz8._.js:2431
[ 2295607ms] [LOG] [Fast Refresh] rebuilding @ http://localhost:3000/_next/static/chunks/node_modules_next_dist_115brz8._.js:2431
[ 2295627ms] [LOG] [Fast Refresh] done in 54ms @ http://localhost:3000/_next/static/chunks/node_modules_next_dist_115brz8._.js:2431
[ 2295731ms] [LOG] [Fast Refresh] rebuilding @ http://localhost:3000/_next/static/chunks/node_modules_next_dist_115brz8._.js:2431
[ 2295970ms] [LOG] [Fast Refresh] done in 341ms @ http://localhost:3000/_next/static/chunks/node_modules_next_dist_115brz8._.js:2431
[ 2296137ms] [LOG] [Fast Refresh] rebuilding @ http://localhost:3000/_next/static/chunks/node_modules_next_dist_115brz8._.js:2431
[ 2296223ms] [LOG] [Fast Refresh] done in 195ms @ http://localhost:3000/_next/static/chunks/node_modules_next_dist_115brz8._.js:2431
[ 2296387ms] [LOG] [Fast Refresh] rebuilding @ http://localhost:3000/_next/static/chunks/node_modules_next_dist_115brz8._.js:2431
[ 2296489ms] [LOG] [Fast Refresh] done in 211ms @ http://localhost:3000/_next/static/chunks/node_modules_next_dist_115brz8._.js:2431
[ 2296623ms] [LOG] [Fast Refresh] rebuilding @ http://localhost:3000/_next/static/chunks/node_modules_next_dist_115brz8._.js:2431
[ 2296659ms] [LOG] [Fast Refresh] done in 146ms @ http://localhost:3000/_next/static/chunks/node_modules_next_dist_115brz8._.js:2431
[ 2296762ms] [LOG] [Fast Refresh] rebuilding @ http://localhost:3000/_next/static/chunks/node_modules_next_dist_115brz8._.js:2431
[ 2296821ms] [LOG] [Fast Refresh] done in 163ms @ http://localhost:3000/_next/static/chunks/node_modules_next_dist_115brz8._.js:2431
[ 2296951ms] [LOG] [Fast Refresh] rebuilding @ http://localhost:3000/_next/static/chunks/node_modules_next_dist_115brz8._.js:2431
[ 2296977ms] [LOG] [Fast Refresh] done in 128ms @ http://localhost:3000/_next/static/chunks/node_modules_next_dist_115brz8._.js:2431
[ 2297091ms] [LOG] [Fast Refresh] rebuilding @ http://localhost:3000/_next/static/chunks/node_modules_next_dist_115brz8._.js:2431
[ 2297147ms] [LOG] [Fast Refresh] done in 170ms @ http://localhost:3000/_next/static/chunks/node_modules_next_dist_115brz8._.js:2431
[ 2297259ms] [LOG] [Fast Refresh] rebuilding @ http://localhost:3000/_next/static/chunks/node_modules_next_dist_115brz8._.js:2431
[ 2297317ms] [LOG] [Fast Refresh] done in 161ms @ http://localhost:3000/_next/static/chunks/node_modules_next_dist_115brz8._.js:2431
[ 2297455ms] [LOG] [Fast Refresh] rebuilding @ http://localhost:3000/_next/static/chunks/node_modules_next_dist_115brz8._.js:2431
[ 2297496ms] [LOG] [Fast Refresh] done in 151ms @ http://localhost:3000/_next/static/chunks/node_modules_next_dist_115brz8._.js:2431
[ 2297608ms] [LOG] [Fast Refresh] rebuilding @ http://localhost:3000/_next/static/chunks/node_modules_next_dist_115brz8._.js:2431
[ 2297664ms] [LOG] [Fast Refresh] done in 167ms @ http://localhost:3000/_next/static/chunks/node_modules_next_dist_115brz8._.js:2431
[ 2297791ms] [LOG] [Fast Refresh] rebuilding @ http://localhost:3000/_next/static/chunks/node_modules_next_dist_115brz8._.js:2431
[ 2297811ms] [LOG] [Fast Refresh] done in 129ms @ http://localhost:3000/_next/static/chunks/node_modules_next_dist_115brz8._.js:2431
[ 2297922ms] [LOG] [Fast Refresh] rebuilding @ http://localhost:3000/_next/static/chunks/node_modules_next_dist_115brz8._.js:2431
[ 2298077ms] [LOG] [Fast Refresh] done in 265ms @ http://localhost:3000/_next/static/chunks/node_modules_next_dist_115brz8._.js:2431
[ 2298190ms] [LOG] [Fast Refresh] rebuilding @ http://localhost:3000/_next/static/chunks/node_modules_next_dist_115brz8._.js:2431
[ 2298247ms] [LOG] [Fast Refresh] done in 158ms @ http://localhost:3000/_next/static/chunks/node_modules_next_dist_115brz8._.js:2431
[ 2298439ms] [LOG] [Fast Refresh] rebuilding @ http://localhost:3000/_next/static/chunks/node_modules_next_dist_115brz8._.js:2431
[ 2298657ms] [LOG] [Fast Refresh] done in 320ms @ http://localhost:3000/_next/static/chunks/node_modules_next_dist_115brz8._.js:2431
[ 2298758ms] [LOG] [Fast Refresh] rebuilding @ http://localhost:3000/_next/static/chunks/node_modules_next_dist_115brz8._.js:2431
[ 2298796ms] [LOG] [Fast Refresh] done in 139ms @ http://localhost:3000/_next/static/chunks/node_modules_next_dist_115brz8._.js:2431
[ 2298824ms] [LOG] [Fast Refresh] rebuilding @ http://localhost:3000/_next/static/chunks/node_modules_next_dist_115brz8._.js:2431
[ 2299205ms] [LOG] [Fast Refresh] done in 37ms @ http://localhost:3000/_next/static/chunks/node_modules_next_dist_115brz8._.js:2431
[ 2299325ms] [LOG] [Fast Refresh] rebuilding @ http://localhost:3000/_next/static/chunks/node_modules_next_dist_115brz8._.js:2431
[ 2299546ms] [LOG] [Fast Refresh] done in 331ms @ http://localhost:3000/_next/static/chunks/node_modules_next_dist_115brz8._.js:2431
[ 2299674ms] [LOG] [Fast Refresh] rebuilding @ http://localhost:3000/_next/static/chunks/node_modules_next_dist_115brz8._.js:2431
[ 2299779ms] [LOG] [Fast Refresh] done in 213ms @ http://localhost:3000/_next/static/chunks/node_modules_next_dist_115brz8._.js:2431
[ 2299898ms] [LOG] [Fast Refresh] rebuilding @ http://localhost:3000/_next/static/chunks/node_modules_next_dist_115brz8._.js:2431
[ 2299963ms] [LOG] [Fast Refresh] done in 168ms @ http://localhost:3000/_next/static/chunks/node_modules_next_dist_115brz8._.js:2431
[ 2300181ms] [LOG] [Fast Refresh] rebuilding @ http://localhost:3000/_next/static/chunks/node_modules_next_dist_115brz8._.js:2431
[ 2300239ms] [LOG] [Fast Refresh] done in 160ms @ http://localhost:3000/_next/static/chunks/node_modules_next_dist_115brz8._.js:2431
[ 2300479ms] [LOG] [Fast Refresh] rebuilding @ http://localhost:3000/_next/static/chunks/node_modules_next_dist_115brz8._.js:2431
[ 2300686ms] [LOG] [Fast Refresh] done in 308ms @ http://localhost:3000/_next/static/chunks/node_modules_next_dist_115brz8._.js:2431
[ 2303340ms] [LOG] [Fast Refresh] rebuilding @ http://localhost:3000/_next/static/chunks/node_modules_next_dist_115brz8._.js:2431
[ 2303482ms] [LOG] [Fast Refresh] done in 189ms @ http://localhost:3000/_next/static/chunks/node_modules_next_dist_115brz8._.js:2431
[ 2303584ms] [LOG] [Fast Refresh] rebuilding @ http://localhost:3000/_next/static/chunks/node_modules_next_dist_115brz8._.js:2431
[ 2303690ms] [LOG] [Fast Refresh] done in 206ms @ http://localhost:3000/_next/static/chunks/node_modules_next_dist_115brz8._.js:2431
[ 2303717ms] [LOG] [Fast Refresh] rebuilding @ http://localhost:3000/_next/static/chunks/node_modules_next_dist_115brz8._.js:2431
[ 2304372ms] [LOG] [Fast Refresh] done in 665ms @ http://localhost:3000/_next/static/chunks/node_modules_next_dist_115brz8._.js:2431
[ 2304520ms] [LOG] [Fast Refresh] rebuilding @ http://localhost:3000/_next/static/chunks/node_modules_next_dist_115brz8._.js:2431
[ 2304677ms] [LOG] [Fast Refresh] done in 264ms @ http://localhost:3000/_next/static/chunks/node_modules_next_dist_115brz8._.js:2431
[ 2304875ms] [LOG] [Fast Refresh] rebuilding @ http://localhost:3000/_next/static/chunks/node_modules_next_dist_115brz8._.js:2431
[ 2304988ms] [LOG] [Fast Refresh] done in 219ms @ http://localhost:3000/_next/static/chunks/node_modules_next_dist_115brz8._.js:2431
[ 2305142ms] [LOG] [Fast Refresh] rebuilding @ http://localhost:3000/_next/static/chunks/node_modules_next_dist_115brz8._.js:2431
[ 2305313ms] [LOG] [Fast Refresh] done in 285ms @ http://localhost:3000/_next/static/chunks/node_modules_next_dist_115brz8._.js:2431
[ 2305426ms] [LOG] [Fast Refresh] rebuilding @ http://localhost:3000/_next/static/chunks/node_modules_next_dist_115brz8._.js:2431
[ 2305608ms] [LOG] [Fast Refresh] done in 285ms @ http://localhost:3000/_next/static/chunks/node_modules_next_dist_115brz8._.js:2431
[ 2305742ms] [LOG] [Fast Refresh] rebuilding @ http://localhost:3000/_next/static/chunks/node_modules_next_dist_115brz8._.js:2431
[ 2305863ms] [LOG] [Fast Refresh] done in 226ms @ http://localhost:3000/_next/static/chunks/node_modules_next_dist_115brz8._.js:2431
[ 2305992ms] [LOG] [Fast Refresh] rebuilding @ http://localhost:3000/_next/static/chunks/node_modules_next_dist_115brz8._.js:2431
[ 2306045ms] [LOG] [Fast Refresh] done in 158ms @ http://localhost:3000/_next/static/chunks/node_modules_next_dist_115brz8._.js:2431
[ 2306151ms] [LOG] [Fast Refresh] rebuilding @ http://localhost:3000/_next/static/chunks/node_modules_next_dist_115brz8._.js:2431
[ 2306235ms] [LOG] [Fast Refresh] done in 189ms @ http://localhost:3000/_next/static/chunks/node_modules_next_dist_115brz8._.js:2431
[ 2306355ms] [LOG] [Fast Refresh] rebuilding @ http://localhost:3000/_next/static/chunks/node_modules_next_dist_115brz8._.js:2431
[ 2306406ms] [LOG] [Fast Refresh] done in 153ms @ http://localhost:3000/_next/static/chunks/node_modules_next_dist_115brz8._.js:2431
[ 2306525ms] [LOG] [Fast Refresh] rebuilding @ http://localhost:3000/_next/static/chunks/node_modules_next_dist_115brz8._.js:2431
[ 2306626ms] [LOG] [Fast Refresh] done in 205ms @ http://localhost:3000/_next/static/chunks/node_modules_next_dist_115brz8._.js:2431
[ 2306741ms] [LOG] [Fast Refresh] rebuilding @ http://localhost:3000/_next/static/chunks/node_modules_next_dist_115brz8._.js:2431
[ 2306820ms] [LOG] [Fast Refresh] done in 184ms @ http://localhost:3000/_next/static/chunks/node_modules_next_dist_115brz8._.js:2431
[ 2306946ms] [LOG] [Fast Refresh] rebuilding @ http://localhost:3000/_next/static/chunks/node_modules_next_dist_115brz8._.js:2431
[ 2306996ms] [LOG] [Fast Refresh] done in 155ms @ http://localhost:3000/_next/static/chunks/node_modules_next_dist_115brz8._.js:2431
[ 2307125ms] [LOG] [Fast Refresh] rebuilding @ http://localhost:3000/_next/static/chunks/node_modules_next_dist_115brz8._.js:2431
[ 2307199ms] [LOG] [Fast Refresh] done in 182ms @ http://localhost:3000/_next/static/chunks/node_modules_next_dist_115brz8._.js:2431
[ 2307333ms] [LOG] [Fast Refresh] rebuilding @ http://localhost:3000/_next/static/chunks/node_modules_next_dist_115brz8._.js:2431
[ 2307348ms] [LOG] [Fast Refresh] done in 115ms @ http://localhost:3000/_next/static/chunks/node_modules_next_dist_115brz8._.js:2431
[ 2317749ms] [LOG] [Fast Refresh] rebuilding @ http://localhost:3000/_next/static/chunks/node_modules_next_dist_115brz8._.js:2431
[ 2317812ms] [LOG] [Fast Refresh] done in 108ms @ http://localhost:3000/_next/static/chunks/node_modules_next_dist_115brz8._.js:2431
[ 2319485ms] [LOG] [Fast Refresh] rebuilding @ http://localhost:3000/_next/static/chunks/node_modules_next_dist_115brz8._.js:2431
[ 2319645ms] [LOG] [Fast Refresh] done in 98ms @ http://localhost:3000/_next/static/chunks/node_modules_next_dist_115brz8._.js:2431
[ 2319769ms] [LOG] [Fast Refresh] rebuilding @ http://localhost:3000/_next/static/chunks/node_modules_next_dist_115brz8._.js:2431
[ 2319980ms] [LOG] [Fast Refresh] done in 327ms @ http://localhost:3000/_next/static/chunks/node_modules_next_dist_115brz8._.js:2431
[ 2320109ms] [LOG] [Fast Refresh] rebuilding @ http://localhost:3000/_next/static/chunks/node_modules_next_dist_115brz8._.js:2431
[ 2320356ms] [LOG] [Fast Refresh] done in 355ms @ http://localhost:3000/_next/static/chunks/node_modules_next_dist_115brz8._.js:2431
[ 2328506ms] [LOG] [Fast Refresh] rebuilding @ http://localhost:3000/_next/static/chunks/node_modules_next_dist_115brz8._.js:2431
[ 2328831ms] [LOG] [Fast Refresh] done in 42ms @ http://localhost:3000/_next/static/chunks/node_modules_next_dist_115brz8._.js:2431
[ 2328938ms] [LOG] [Fast Refresh] rebuilding @ http://localhost:3000/_next/static/chunks/node_modules_next_dist_115brz8._.js:2431
[ 2329058ms] [LOG] [Fast Refresh] done in 221ms @ http://localhost:3000/_next/static/chunks/node_modules_next_dist_115brz8._.js:2431
[ 2329188ms] [LOG] [Fast Refresh] rebuilding @ http://localhost:3000/_next/static/chunks/node_modules_next_dist_115brz8._.js:2431
[ 2329244ms] [LOG] [Fast Refresh] done in 163ms @ http://localhost:3000/_next/static/chunks/node_modules_next_dist_115brz8._.js:2431
[ 2329376ms] [LOG] [Fast Refresh] rebuilding @ http://localhost:3000/_next/static/chunks/node_modules_next_dist_115brz8._.js:2431
[ 2329443ms] [LOG] [Fast Refresh] done in 171ms @ http://localhost:3000/_next/static/chunks/node_modules_next_dist_115brz8._.js:2431
[ 2332236ms] [LOG] [Fast Refresh] rebuilding @ http://localhost:3000/_next/static/chunks/node_modules_next_dist_115brz8._.js:2431
[ 2332393ms] [LOG] [Fast Refresh] done in 117ms @ http://localhost:3000/_next/static/chunks/node_modules_next_dist_115brz8._.js:2431
[ 2332506ms] [LOG] [Fast Refresh] rebuilding @ http://localhost:3000/_next/static/chunks/node_modules_next_dist_115brz8._.js:2431
[ 2332722ms] [LOG] [Fast Refresh] done in 323ms @ http://localhost:3000/_next/static/chunks/node_modules_next_dist_115brz8._.js:2431
[ 2332838ms] [LOG] [Fast Refresh] rebuilding @ http://localhost:3000/_next/static/chunks/node_modules_next_dist_115brz8._.js:2431
[ 2332981ms] [LOG] [Fast Refresh] done in 245ms @ http://localhost:3000/_next/static/chunks/node_modules_next_dist_115brz8._.js:2431
[ 2333092ms] [LOG] [Fast Refresh] rebuilding @ http://localhost:3000/_next/static/chunks/node_modules_next_dist_115brz8._.js:2431
[ 2333178ms] [LOG] [Fast Refresh] done in 189ms @ http://localhost:3000/_next/static/chunks/node_modules_next_dist_115brz8._.js:2431
[ 2333309ms] [LOG] [Fast Refresh] rebuilding @ http://localhost:3000/_next/static/chunks/node_modules_next_dist_115brz8._.js:2431
[ 2333353ms] [LOG] [Fast Refresh] done in 157ms @ http://localhost:3000/_next/static/chunks/node_modules_next_dist_115brz8._.js:2431
[ 2333459ms] [LOG] [Fast Refresh] rebuilding @ http://localhost:3000/_next/static/chunks/node_modules_next_dist_115brz8._.js:2431
[ 2333571ms] [LOG] [Fast Refresh] done in 217ms @ http://localhost:3000/_next/static/chunks/node_modules_next_dist_115brz8._.js:2431
[ 2333694ms] [LOG] [Fast Refresh] rebuilding @ http://localhost:3000/_next/static/chunks/node_modules_next_dist_115brz8._.js:2431
[ 2333730ms] [LOG] [Fast Refresh] done in 139ms @ http://localhost:3000/_next/static/chunks/node_modules_next_dist_115brz8._.js:2431
[ 2333839ms] [LOG] [Fast Refresh] rebuilding @ http://localhost:3000/_next/static/chunks/node_modules_next_dist_115brz8._.js:2431
[ 2333989ms] [LOG] [Fast Refresh] done in 260ms @ http://localhost:3000/_next/static/chunks/node_modules_next_dist_115brz8._.js:2431
[ 2334126ms] [LOG] [Fast Refresh] rebuilding @ http://localhost:3000/_next/static/chunks/node_modules_next_dist_115brz8._.js:2431
[ 2334340ms] [LOG] [Fast Refresh] done in 316ms @ http://localhost:3000/_next/static/chunks/node_modules_next_dist_115brz8._.js:2431
[ 2334459ms] [LOG] [Fast Refresh] rebuilding @ http://localhost:3000/_next/static/chunks/node_modules_next_dist_115brz8._.js:2431
[ 2334637ms] [LOG] [Fast Refresh] done in 284ms @ http://localhost:3000/_next/static/chunks/node_modules_next_dist_115brz8._.js:2431
[ 2334744ms] [LOG] [Fast Refresh] rebuilding @ http://localhost:3000/_next/static/chunks/node_modules_next_dist_115brz8._.js:2431
[ 2334801ms] [LOG] [Fast Refresh] done in 158ms @ http://localhost:3000/_next/static/chunks/node_modules_next_dist_115brz8._.js:2431
[ 2334922ms] [LOG] [Fast Refresh] rebuilding @ http://localhost:3000/_next/static/chunks/node_modules_next_dist_115brz8._.js:2431
[ 2334928ms] [LOG] [Fast Refresh] done in 118ms @ http://localhost:3000/_next/static/chunks/node_modules_next_dist_115brz8._.js:2431
[ 2335059ms] [LOG] [Fast Refresh] rebuilding @ http://localhost:3000/_next/static/chunks/node_modules_next_dist_115brz8._.js:2431
[ 2335084ms] [LOG] [Fast Refresh] done in 136ms @ http://localhost:3000/_next/static/chunks/node_modules_next_dist_115brz8._.js:2431
[ 2335188ms] [LOG] [Fast Refresh] rebuilding @ http://localhost:3000/_next/static/chunks/node_modules_next_dist_115brz8._.js:2431
[ 2335301ms] [LOG] [Fast Refresh] done in 214ms @ http://localhost:3000/_next/static/chunks/node_modules_next_dist_115brz8._.js:2431
[ 2335425ms] [LOG] [Fast Refresh] rebuilding @ http://localhost:3000/_next/static/chunks/node_modules_next_dist_115brz8._.js:2431
[ 2335439ms] [LOG] [Fast Refresh] done in 114ms @ http://localhost:3000/_next/static/chunks/node_modules_next_dist_115brz8._.js:2431
[ 2336008ms] [LOG] [Fast Refresh] rebuilding @ http://localhost:3000/_next/static/chunks/node_modules_next_dist_115brz8._.js:2431
[ 2336386ms] [LOG] [Fast Refresh] done in 46ms @ http://localhost:3000/_next/static/chunks/node_modules_next_dist_115brz8._.js:2431
[ 2337009ms] [LOG] [Fast Refresh] rebuilding @ http://localhost:3000/_next/static/chunks/node_modules_next_dist_115brz8._.js:2431
[ 2337407ms] [LOG] [Fast Refresh] done in 48ms @ http://localhost:3000/_next/static/chunks/node_modules_next_dist_115brz8._.js:2431
[ 2337593ms] [LOG] [Fast Refresh] rebuilding @ http://localhost:3000/_next/static/chunks/node_modules_next_dist_115brz8._.js:2431
[ 2337767ms] [LOG] [Fast Refresh] done in 278ms @ http://localhost:3000/_next/static/chunks/node_modules_next_dist_115brz8._.js:2431
[ 2337893ms] [LOG] [Fast Refresh] rebuilding @ http://localhost:3000/_next/static/chunks/node_modules_next_dist_115brz8._.js:2431
[ 2338038ms] [LOG] [Fast Refresh] done in 248ms @ http://localhost:3000/_next/static/chunks/node_modules_next_dist_115brz8._.js:2431
[ 2338154ms] [LOG] [Fast Refresh] rebuilding @ http://localhost:3000/_next/static/chunks/node_modules_next_dist_115brz8._.js:2431
[ 2338216ms] [LOG] [Fast Refresh] done in 166ms @ http://localhost:3000/_next/static/chunks/node_modules_next_dist_115brz8._.js:2431
[ 2339089ms] [LOG] [Fast Refresh] rebuilding @ http://localhost:3000/_next/static/chunks/node_modules_next_dist_115brz8._.js:2431
[ 2339221ms] [LOG] [Fast Refresh] done in 73ms @ http://localhost:3000/_next/static/chunks/node_modules_next_dist_115brz8._.js:2431
[ 2339333ms] [LOG] [Fast Refresh] rebuilding @ http://localhost:3000/_next/static/chunks/node_modules_next_dist_115brz8._.js:2431
[ 2339530ms] [LOG] [Fast Refresh] done in 306ms @ http://localhost:3000/_next/static/chunks/node_modules_next_dist_115brz8._.js:2431
[ 2339644ms] [LOG] [Fast Refresh] rebuilding @ http://localhost:3000/_next/static/chunks/node_modules_next_dist_115brz8._.js:2431
[ 2339807ms] [LOG] [Fast Refresh] done in 271ms @ http://localhost:3000/_next/static/chunks/node_modules_next_dist_115brz8._.js:2431
[ 2339909ms] [LOG] [Fast Refresh] rebuilding @ http://localhost:3000/_next/static/chunks/node_modules_next_dist_115brz8._.js:2431
[ 2340075ms] [LOG] [Fast Refresh] done in 267ms @ http://localhost:3000/_next/static/chunks/node_modules_next_dist_115brz8._.js:2431
[ 2340177ms] [LOG] [Fast Refresh] rebuilding @ http://localhost:3000/_next/static/chunks/node_modules_next_dist_115brz8._.js:2431
[ 2340178ms] [LOG] [Fast Refresh] done in 102ms @ http://localhost:3000/_next/static/chunks/node_modules_next_dist_115brz8._.js:2431
[ 2340294ms] [LOG] [Fast Refresh] rebuilding @ http://localhost:3000/_next/static/chunks/node_modules_next_dist_115brz8._.js:2431
[ 2340424ms] [LOG] [Fast Refresh] done in 241ms @ http://localhost:3000/_next/static/chunks/node_modules_next_dist_115brz8._.js:2431
[ 2340544ms] [LOG] [Fast Refresh] rebuilding @ http://localhost:3000/_next/static/chunks/node_modules_next_dist_115brz8._.js:2431
[ 2340682ms] [LOG] [Fast Refresh] done in 239ms @ http://localhost:3000/_next/static/chunks/node_modules_next_dist_115brz8._.js:2431
[ 2349947ms] [LOG] [Fast Refresh] rebuilding @ http://localhost:3000/_next/static/chunks/node_modules_next_dist_115brz8._.js:2431
[ 2350065ms] [LOG] [Fast Refresh] done in 80ms @ http://localhost:3000/_next/static/chunks/node_modules_next_dist_115brz8._.js:2431
[ 2350079ms] [LOG] [Fast Refresh] rebuilding @ http://localhost:3000/_next/static/chunks/node_modules_next_dist_115brz8._.js:2431
[ 2350572ms] [LOG] [Fast Refresh] done in 14ms @ http://localhost:3000/_next/static/chunks/node_modules_next_dist_115brz8._.js:2431
[ 2350727ms] [LOG] [Fast Refresh] rebuilding @ http://localhost:3000/_next/static/chunks/node_modules_next_dist_115brz8._.js:2431
[ 2351721ms] [LOG] [Fast Refresh] done in 1104ms @ http://localhost:3000/_next/static/chunks/node_modules_next_dist_115brz8._.js:2431
[ 2351827ms] [LOG] [Fast Refresh] rebuilding @ http://localhost:3000/_next/static/chunks/node_modules_next_dist_115brz8._.js:2431
[ 2352622ms] [LOG] [Fast Refresh] done in 900ms @ http://localhost:3000/_next/static/chunks/node_modules_next_dist_115brz8._.js:2431
[ 2352743ms] [LOG] [Fast Refresh] rebuilding @ http://localhost:3000/_next/static/chunks/node_modules_next_dist_115brz8._.js:2431
[ 2352772ms] [LOG] [Fast Refresh] done in 134ms @ http://localhost:3000/_next/static/chunks/node_modules_next_dist_115brz8._.js:2431
[ 2352873ms] [LOG] [Fast Refresh] rebuilding @ http://localhost:3000/_next/static/chunks/node_modules_next_dist_115brz8._.js:2431
[ 2352932ms] [LOG] [Fast Refresh] done in 160ms @ http://localhost:3000/_next/static/chunks/node_modules_next_dist_115brz8._.js:2431
[ 2354227ms] [LOG] [Fast Refresh] rebuilding @ http://localhost:3000/_next/static/chunks/node_modules_next_dist_115brz8._.js:2431
[ 2354295ms] [LOG] [Fast Refresh] done in 38ms @ http://localhost:3000/_next/static/chunks/node_modules_next_dist_115brz8._.js:2431
[ 2356936ms] [LOG] [Fast Refresh] rebuilding @ http://localhost:3000/_next/static/chunks/node_modules_next_dist_115brz8._.js:2431
[ 2356966ms] [LOG] [Fast Refresh] done in 46ms @ http://localhost:3000/_next/static/chunks/node_modules_next_dist_115brz8._.js:2431
[ 2358965ms] [LOG] [Fast Refresh] rebuilding @ http://localhost:3000/_next/static/chunks/node_modules_next_dist_115brz8._.js:2431
[ 2359032ms] [LOG] [Fast Refresh] done in 55ms @ http://localhost:3000/_next/static/chunks/node_modules_next_dist_115brz8._.js:2431
[ 2364784ms] [LOG] [Fast Refresh] rebuilding @ http://localhost:3000/_next/static/chunks/node_modules_next_dist_115brz8._.js:2431
[ 2365738ms] [LOG] [Fast Refresh] done in 37ms @ http://localhost:3000/_next/static/chunks/node_modules_next_dist_115brz8._.js:2431
[ 2365843ms] [LOG] [Fast Refresh] rebuilding @ http://localhost:3000/_next/static/chunks/node_modules_next_dist_115brz8._.js:2431
[ 2366701ms] [LOG] [Fast Refresh] done in 960ms @ http://localhost:3000/_next/static/chunks/node_modules_next_dist_115brz8._.js:2431
[ 2370222ms] [LOG] [Fast Refresh] rebuilding @ http://localhost:3000/_next/static/chunks/node_modules_next_dist_115brz8._.js:2431
[ 2370284ms] [LOG] [Fast Refresh] done in 45ms @ http://localhost:3000/_next/static/chunks/node_modules_next_dist_115brz8._.js:2431
[ 2373013ms] [LOG] [Fast Refresh] rebuilding @ http://localhost:3000/_next/static/chunks/node_modules_next_dist_115brz8._.js:2431
[ 2373076ms] [LOG] [Fast Refresh] done in 138ms @ http://localhost:3000/_next/static/chunks/node_modules_next_dist_115brz8._.js:2431
[ 2374051ms] [LOG] [Fast Refresh] rebuilding @ http://localhost:3000/_next/static/chunks/node_modules_next_dist_115brz8._.js:2431
[ 2374052ms] [LOG] [Fast Refresh] done in 105ms @ http://localhost:3000/_next/static/chunks/node_modules_next_dist_115brz8._.js:2431
[ 2406132ms] [LOG] [Fast Refresh] rebuilding @ http://localhost:3000/_next/static/chunks/node_modules_next_dist_115brz8._.js:2431
[ 2406229ms] [LOG] [Fast Refresh] done in 29ms @ http://localhost:3000/_next/static/chunks/node_modules_next_dist_115brz8._.js:2431
[ 2406347ms] [LOG] [Fast Refresh] rebuilding @ http://localhost:3000/_next/static/chunks/node_modules_next_dist_115brz8._.js:2431
[ 2406642ms] [LOG] [Fast Refresh] done in 408ms @ http://localhost:3000/_next/static/chunks/node_modules_next_dist_115brz8._.js:2431
[ 2408868ms] [LOG] [Fast Refresh] rebuilding @ http://localhost:3000/_next/static/chunks/node_modules_next_dist_115brz8._.js:2431
[ 2409044ms] [LOG] [Fast Refresh] done in 27ms @ http://localhost:3000/_next/static/chunks/node_modules_next_dist_115brz8._.js:2431
[ 2411731ms] [LOG] [Fast Refresh] rebuilding @ http://localhost:3000/_next/static/chunks/node_modules_next_dist_115brz8._.js:2431
[ 2411950ms] [LOG] [Fast Refresh] done in 41ms @ http://localhost:3000/_next/static/chunks/node_modules_next_dist_115brz8._.js:2431
[ 2420799ms] [LOG] [Fast Refresh] rebuilding @ http://localhost:3000/_next/static/chunks/node_modules_next_dist_115brz8._.js:2431
[ 2421542ms] [LOG] [Fast Refresh] done in 817ms @ http://localhost:3000/_next/static/chunks/node_modules_next_dist_115brz8._.js:2431
[ 2421729ms] [LOG] [Fast Refresh] rebuilding @ http://localhost:3000/_next/static/chunks/node_modules_next_dist_115brz8._.js:2431
[ 2421835ms] [LOG] [Fast Refresh] done in 215ms @ http://localhost:3000/_next/static/chunks/node_modules_next_dist_115brz8._.js:2431
[ 2421957ms] [LOG] [Fast Refresh] rebuilding @ http://localhost:3000/_next/static/chunks/node_modules_next_dist_115brz8._.js:2431
[ 2422012ms] [LOG] [Fast Refresh] done in 159ms @ http://localhost:3000/_next/static/chunks/node_modules_next_dist_115brz8._.js:2431
[ 2434888ms] [LOG] [Fast Refresh] rebuilding @ http://localhost:3000/_next/static/chunks/node_modules_next_dist_115brz8._.js:2431
[ 2434954ms] [LOG] [Fast Refresh] done in 55ms @ http://localhost:3000/_next/static/chunks/node_modules_next_dist_115brz8._.js:2431
[ 2435070ms] [LOG] [Fast Refresh] rebuilding @ http://localhost:3000/_next/static/chunks/node_modules_next_dist_115brz8._.js:2431
[ 2435277ms] [LOG] [Fast Refresh] done in 322ms @ http://localhost:3000/_next/static/chunks/node_modules_next_dist_115brz8._.js:2431
[ 2435380ms] [LOG] [Fast Refresh] rebuilding @ http://localhost:3000/_next/static/chunks/node_modules_next_dist_115brz8._.js:2431
[ 2435549ms] [LOG] [Fast Refresh] done in 270ms @ http://localhost:3000/_next/static/chunks/node_modules_next_dist_115brz8._.js:2431
[ 2435681ms] [LOG] [Fast Refresh] rebuilding @ http://localhost:3000/_next/static/chunks/node_modules_next_dist_115brz8._.js:2431
[ 2435962ms] [LOG] [Fast Refresh] done in 392ms @ http://localhost:3000/_next/static/chunks/node_modules_next_dist_115brz8._.js:2431
[ 2436079ms] [LOG] [Fast Refresh] rebuilding @ http://localhost:3000/_next/static/chunks/node_modules_next_dist_115brz8._.js:2431
[ 2436162ms] [LOG] [Fast Refresh] done in 185ms @ http://localhost:3000/_next/static/chunks/node_modules_next_dist_115brz8._.js:2431
[ 2436277ms] [LOG] [Fast Refresh] rebuilding @ http://localhost:3000/_next/static/chunks/node_modules_next_dist_115brz8._.js:2431
[ 2436404ms] [LOG] [Fast Refresh] done in 231ms @ http://localhost:3000/_next/static/chunks/node_modules_next_dist_115brz8._.js:2431
[ 2436802ms] [LOG] [Fast Refresh] rebuilding @ http://localhost:3000/_next/static/chunks/node_modules_next_dist_115brz8._.js:2431
[ 2437104ms] [LOG] [Fast Refresh] done in 41ms @ http://localhost:3000/_next/static/chunks/node_modules_next_dist_115brz8._.js:2431
[ 2437214ms] [LOG] [Fast Refresh] rebuilding @ http://localhost:3000/_next/static/chunks/node_modules_next_dist_115brz8._.js:2431
[ 2437350ms] [LOG] [Fast Refresh] done in 239ms @ http://localhost:3000/_next/static/chunks/node_modules_next_dist_115brz8._.js:2431
[ 2437468ms] [LOG] [Fast Refresh] rebuilding @ http://localhost:3000/_next/static/chunks/node_modules_next_dist_115brz8._.js:2431
[ 2437525ms] [LOG] [Fast Refresh] done in 158ms @ http://localhost:3000/_next/static/chunks/node_modules_next_dist_115brz8._.js:2431
[ 2437713ms] [LOG] [Fast Refresh] rebuilding @ http://localhost:3000/_next/static/chunks/node_modules_next_dist_115brz8._.js:2431
[ 2437770ms] [LOG] [Fast Refresh] done in 163ms @ http://localhost:3000/_next/static/chunks/node_modules_next_dist_115brz8._.js:2431
[ 2551894ms] [LOG] [Fast Refresh] rebuilding @ http://localhost:3000/_next/static/chunks/node_modules_next_dist_115brz8._.js:2431
[ 2555229ms] [LOG] [Fast Refresh] done in 3463ms @ http://localhost:3000/_next/static/chunks/node_modules_next_dist_115brz8._.js:2431
[ 2556405ms] [LOG] [Fast Refresh] rebuilding @ http://localhost:3000/_next/static/chunks/node_modules_next_dist_115brz8._.js:2431
[ 2556429ms] [LOG] [Fast Refresh] done in 130ms @ http://localhost:3000/_next/static/chunks/node_modules_next_dist_115brz8._.js:2431
[ 2556576ms] [LOG] [Fast Refresh] rebuilding @ http://localhost:3000/_next/static/chunks/node_modules_next_dist_115brz8._.js:2431
[ 2580940ms] [LOG] [Fast Refresh] done in 24460ms @ http://localhost:3000/_next/static/chunks/node_modules_next_dist_115brz8._.js:2431
[ 2582539ms] [LOG] [Fast Refresh] rebuilding @ http://localhost:3000/_next/static/chunks/node_modules_next_dist_115brz8._.js:2431
[ 2582564ms] [LOG] [Fast Refresh] done in 127ms @ http://localhost:3000/_next/static/chunks/node_modules_next_dist_115brz8._.js:2431
[ 2582713ms] [LOG] [Fast Refresh] rebuilding @ http://localhost:3000/_next/static/chunks/node_modules_next_dist_115brz8._.js:2431
[ 2582742ms] [LOG] [Fast Refresh] done in 145ms @ http://localhost:3000/_next/static/chunks/node_modules_next_dist_115brz8._.js:2431
[ 2582899ms] [LOG] [Fast Refresh] rebuilding @ http://localhost:3000/_next/static/chunks/node_modules_next_dist_115brz8._.js:2431
[ 2582906ms] [LOG] [Fast Refresh] done in 115ms @ http://localhost:3000/_next/static/chunks/node_modules_next_dist_115brz8._.js:2431
[ 2744859ms] [LOG] [Fast Refresh] rebuilding @ http://localhost:3000/_next/static/chunks/node_modules_next_dist_115brz8._.js:2431
[ 2750311ms] [LOG] [Fast Refresh] done in 5563ms @ http://localhost:3000/_next/static/chunks/node_modules_next_dist_115brz8._.js:2431
[ 2750421ms] [LOG] [Fast Refresh] rebuilding @ http://localhost:3000/_next/static/chunks/node_modules_next_dist_115brz8._.js:2431
[ 2758874ms] [LOG] [Fast Refresh] done in 8558ms @ http://localhost:3000/_next/static/chunks/node_modules_next_dist_115brz8._.js:2431
[ 2759892ms] [LOG] [Fast Refresh] rebuilding @ http://localhost:3000/_next/static/chunks/node_modules_next_dist_115brz8._.js:2431
[ 2767459ms] [LOG] [Fast Refresh] done in 352ms @ http://localhost:3000/_next/static/chunks/node_modules_next_dist_115brz8._.js:2431
[ 2768493ms] [LOG] [Fast Refresh] rebuilding @ http://localhost:3000/_next/static/chunks/node_modules_next_dist_115brz8._.js:2431
[ 2770806ms] [LOG] [Fast Refresh] done in 2419ms @ http://localhost:3000/_next/static/chunks/node_modules_next_dist_115brz8._.js:2431
[ 2771066ms] [LOG] [Fast Refresh] rebuilding @ http://localhost:3000/_next/static/chunks/node_modules_next_dist_115brz8._.js:2431
[ 2773354ms] [LOG] [Fast Refresh] done in 2388ms @ http://localhost:3000/_next/static/chunks/node_modules_next_dist_115brz8._.js:2431
[ 2773706ms] [LOG] [Fast Refresh] rebuilding @ http://localhost:3000/_next/static/chunks/node_modules_next_dist_115brz8._.js:2431
[ 2774097ms] [LOG] [Fast Refresh] done in 498ms @ http://localhost:3000/_next/static/chunks/node_modules_next_dist_115brz8._.js:2431
[ 2774403ms] [LOG] [Fast Refresh] rebuilding @ http://localhost:3000/_next/static/chunks/node_modules_next_dist_115brz8._.js:2431
[ 2774853ms] [LOG] [Fast Refresh] done in 574ms @ http://localhost:3000/_next/static/chunks/node_modules_next_dist_115brz8._.js:2431
[ 2775144ms] [LOG] [Fast Refresh] rebuilding @ http://localhost:3000/_next/static/chunks/node_modules_next_dist_115brz8._.js:2431
[ 2776378ms] [LOG] [Fast Refresh] done in 1339ms @ http://localhost:3000/_next/static/chunks/node_modules_next_dist_115brz8._.js:2431
[ 2776602ms] [LOG] [Fast Refresh] rebuilding @ http://localhost:3000/_next/static/chunks/node_modules_next_dist_115brz8._.js:2431
[ 2776980ms] [LOG] [Fast Refresh] done in 485ms @ http://localhost:3000/_next/static/chunks/node_modules_next_dist_115brz8._.js:2431
[ 2777128ms] [LOG] [Fast Refresh] rebuilding @ http://localhost:3000/_next/static/chunks/node_modules_next_dist_115brz8._.js:2431
[ 2777690ms] [LOG] [Fast Refresh] done in 669ms @ http://localhost:3000/_next/static/chunks/node_modules_next_dist_115brz8._.js:2431
[ 2777859ms] [LOG] [Fast Refresh] rebuilding @ http://localhost:3000/_next/static/chunks/node_modules_next_dist_115brz8._.js:2431
[ 2778086ms] [LOG] [Fast Refresh] done in 332ms @ http://localhost:3000/_next/static/chunks/node_modules_next_dist_115brz8._.js:2431
[ 2778192ms] [LOG] [Fast Refresh] rebuilding @ http://localhost:3000/_next/static/chunks/node_modules_next_dist_115brz8._.js:2431
[ 2778212ms] [LOG] [Fast Refresh] done in 122ms @ http://localhost:3000/_next/static/chunks/node_modules_next_dist_115brz8._.js:2431
[ 2778342ms] [LOG] [Fast Refresh] rebuilding @ http://localhost:3000/_next/static/chunks/node_modules_next_dist_115brz8._.js:2431
[ 2778917ms] [LOG] [Fast Refresh] done in 682ms @ http://localhost:3000/_next/static/chunks/node_modules_next_dist_115brz8._.js:2431
[ 2779053ms] [LOG] [Fast Refresh] rebuilding @ http://localhost:3000/_next/static/chunks/node_modules_next_dist_115brz8._.js:2431
[ 2779687ms] [LOG] [Fast Refresh] done in 740ms @ http://localhost:3000/_next/static/chunks/node_modules_next_dist_115brz8._.js:2431
[ 2779899ms] [LOG] [Fast Refresh] rebuilding @ http://localhost:3000/_next/static/chunks/node_modules_next_dist_115brz8._.js:2431
[ 2779905ms] [LOG] [Fast Refresh] done in 108ms @ http://localhost:3000/_next/static/chunks/node_modules_next_dist_115brz8._.js:2431
[ 2780061ms] [LOG] [Fast Refresh] rebuilding @ http://localhost:3000/_next/static/chunks/node_modules_next_dist_115brz8._.js:2431
[ 2782785ms] [LOG] [Fast Refresh] done in 2825ms @ http://localhost:3000/_next/static/chunks/node_modules_next_dist_115brz8._.js:2431
[ 2783626ms] [LOG] [Fast Refresh] rebuilding @ http://localhost:3000/_next/static/chunks/node_modules_next_dist_115brz8._.js:2431
[ 2785346ms] [LOG] [Fast Refresh] done in 1828ms @ http://localhost:3000/_next/static/chunks/node_modules_next_dist_115brz8._.js:2431
[ 2785526ms] [LOG] [Fast Refresh] rebuilding @ http://localhost:3000/_next/static/chunks/node_modules_next_dist_115brz8._.js:2431
[ 2786149ms] [LOG] [Fast Refresh] done in 728ms @ http://localhost:3000/_next/static/chunks/node_modules_next_dist_115brz8._.js:2431
[ 2786392ms] [LOG] [Fast Refresh] rebuilding @ http://localhost:3000/_next/static/chunks/node_modules_next_dist_115brz8._.js:2431
[ 2786717ms] [LOG] [Fast Refresh] done in 427ms @ http://localhost:3000/_next/static/chunks/node_modules_next_dist_115brz8._.js:2431
[ 2788260ms] [LOG] [Fast Refresh] rebuilding @ http://localhost:3000/_next/static/chunks/node_modules_next_dist_115brz8._.js:2431
[ 2788680ms] [LOG] [Fast Refresh] done in 532ms @ http://localhost:3000/_next/static/chunks/node_modules_next_dist_115brz8._.js:2431
[ 2788843ms] [LOG] [Fast Refresh] rebuilding @ http://localhost:3000/_next/static/chunks/node_modules_next_dist_115brz8._.js:2431
[ 2789244ms] [LOG] [Fast Refresh] done in 508ms @ http://localhost:3000/_next/static/chunks/node_modules_next_dist_115brz8._.js:2431
[ 2789393ms] [LOG] [Fast Refresh] rebuilding @ http://localhost:3000/_next/static/chunks/node_modules_next_dist_115brz8._.js:2431
[ 2789860ms] [LOG] [Fast Refresh] done in 573ms @ http://localhost:3000/_next/static/chunks/node_modules_next_dist_115brz8._.js:2431
[ 2790113ms] [LOG] [Fast Refresh] rebuilding @ http://localhost:3000/_next/static/chunks/node_modules_next_dist_115brz8._.js:2431
[ 2790756ms] [LOG] [Fast Refresh] done in 743ms @ http://localhost:3000/_next/static/chunks/node_modules_next_dist_115brz8._.js:2431
[ 2791016ms] [LOG] [Fast Refresh] rebuilding @ http://localhost:3000/_next/static/chunks/node_modules_next_dist_115brz8._.js:2431
[ 2792625ms] [LOG] [Fast Refresh] done in 1715ms @ http://localhost:3000/_next/static/chunks/node_modules_next_dist_115brz8._.js:2431
[ 2792932ms] [LOG] [Fast Refresh] rebuilding @ http://localhost:3000/_next/static/chunks/node_modules_next_dist_115brz8._.js:2431
[ 2793557ms] [LOG] [Fast Refresh] done in 729ms @ http://localhost:3000/_next/static/chunks/node_modules_next_dist_115brz8._.js:2431
[ 2793759ms] [LOG] [Fast Refresh] rebuilding @ http://localhost:3000/_next/static/chunks/node_modules_next_dist_115brz8._.js:2431
[ 2793786ms] [LOG] [Fast Refresh] done in 131ms @ http://localhost:3000/_next/static/chunks/node_modules_next_dist_115brz8._.js:2431
[ 2793977ms] [LOG] [Fast Refresh] rebuilding @ http://localhost:3000/_next/static/chunks/node_modules_next_dist_115brz8._.js:2431
[ 2794913ms] [LOG] [Fast Refresh] done in 1041ms @ http://localhost:3000/_next/static/chunks/node_modules_next_dist_115brz8._.js:2431
[ 2795125ms] [LOG] [Fast Refresh] rebuilding @ http://localhost:3000/_next/static/chunks/node_modules_next_dist_115brz8._.js:2431
[ 2795832ms] [LOG] [Fast Refresh] done in 814ms @ http://localhost:3000/_next/static/chunks/node_modules_next_dist_115brz8._.js:2431
[ 2796021ms] [LOG] [Fast Refresh] rebuilding @ http://localhost:3000/_next/static/chunks/node_modules_next_dist_115brz8._.js:2431
[ 2800633ms] [LOG] [Fast Refresh] done in 4716ms @ http://localhost:3000/_next/static/chunks/node_modules_next_dist_115brz8._.js:2431
[ 2800810ms] [LOG] [Fast Refresh] rebuilding @ http://localhost:3000/_next/static/chunks/node_modules_next_dist_115brz8._.js:2431
[ 2803929ms] [LOG] [Fast Refresh] done in 3230ms @ http://localhost:3000/_next/static/chunks/node_modules_next_dist_115brz8._.js:2431
[ 2804051ms] [LOG] [Fast Refresh] rebuilding @ http://localhost:3000/_next/static/chunks/node_modules_next_dist_115brz8._.js:2431
[ 2804418ms] [LOG] [Fast Refresh] done in 470ms @ http://localhost:3000/_next/static/chunks/node_modules_next_dist_115brz8._.js:2431
[ 2804577ms] [LOG] [Fast Refresh] rebuilding @ http://localhost:3000/_next/static/chunks/node_modules_next_dist_115brz8._.js:2431
[ 2804898ms] [LOG] [Fast Refresh] done in 422ms @ http://localhost:3000/_next/static/chunks/node_modules_next_dist_115brz8._.js:2431
[ 2805005ms] [LOG] [Fast Refresh] rebuilding @ http://localhost:3000/_next/static/chunks/node_modules_next_dist_115brz8._.js:2431
[ 2805300ms] [LOG] [Fast Refresh] done in 397ms @ http://localhost:3000/_next/static/chunks/node_modules_next_dist_115brz8._.js:2431
[ 2805445ms] [LOG] [Fast Refresh] rebuilding @ http://localhost:3000/_next/static/chunks/node_modules_next_dist_115brz8._.js:2431
[ 2805763ms] [LOG] [Fast Refresh] done in 429ms @ http://localhost:3000/_next/static/chunks/node_modules_next_dist_115brz8._.js:2431
[ 2806478ms] [LOG] [Fast Refresh] rebuilding @ http://localhost:3000/_next/static/chunks/node_modules_next_dist_115brz8._.js:2431
[ 2806651ms] [LOG] [Fast Refresh] done in 277ms @ http://localhost:3000/_next/static/chunks/node_modules_next_dist_115brz8._.js:2431
[ 2806778ms] [LOG] [Fast Refresh] rebuilding @ http://localhost:3000/_next/static/chunks/node_modules_next_dist_115brz8._.js:2431
[ 2807050ms] [LOG] [Fast Refresh] done in 376ms @ http://localhost:3000/_next/static/chunks/node_modules_next_dist_115brz8._.js:2431
[ 2807178ms] [LOG] [Fast Refresh] rebuilding @ http://localhost:3000/_next/static/chunks/node_modules_next_dist_115brz8._.js:2431
[ 2807493ms] [LOG] [Fast Refresh] done in 415ms @ http://localhost:3000/_next/static/chunks/node_modules_next_dist_115brz8._.js:2431
[ 2807679ms] [LOG] [Fast Refresh] rebuilding @ http://localhost:3000/_next/static/chunks/node_modules_next_dist_115brz8._.js:2431
[ 2808021ms] [LOG] [Fast Refresh] done in 448ms @ http://localhost:3000/_next/static/chunks/node_modules_next_dist_115brz8._.js:2431
[ 2808152ms] [LOG] [Fast Refresh] rebuilding @ http://localhost:3000/_next/static/chunks/node_modules_next_dist_115brz8._.js:2431
[ 2808541ms] [LOG] [Fast Refresh] done in 493ms @ http://localhost:3000/_next/static/chunks/node_modules_next_dist_115brz8._.js:2431
[ 2820780ms] [LOG] [Fast Refresh] rebuilding @ http://localhost:3000/_next/static/chunks/node_modules_next_dist_115brz8._.js:2431
[ 2821460ms] [LOG] [Fast Refresh] done in 789ms @ http://localhost:3000/_next/static/chunks/node_modules_next_dist_115brz8._.js:2431
[ 2822043ms] [LOG] [Fast Refresh] rebuilding @ http://localhost:3000/_next/static/chunks/node_modules_next_dist_115brz8._.js:2431
[ 2822064ms] [LOG] [Fast Refresh] done in 132ms @ http://localhost:3000/_next/static/chunks/node_modules_next_dist_115brz8._.js:2431
[ 2822262ms] [LOG] [Fast Refresh] rebuilding @ http://localhost:3000/_next/static/chunks/node_modules_next_dist_115brz8._.js:2431
[ 2830964ms] [LOG] [Fast Refresh] done in 8816ms @ http://localhost:3000/_next/static/chunks/node_modules_next_dist_115brz8._.js:2431
[ 2831111ms] [LOG] [Fast Refresh] rebuilding @ http://localhost:3000/_next/static/chunks/node_modules_next_dist_115brz8._.js:2431
[ 2835142ms] [LOG] [Fast Refresh] done in 4134ms @ http://localhost:3000/_next/static/chunks/node_modules_next_dist_115brz8._.js:2431
[ 2835256ms] [LOG] [Fast Refresh] rebuilding @ http://localhost:3000/_next/static/chunks/node_modules_next_dist_115brz8._.js:2431
[ 2843141ms] [LOG] [Fast Refresh] done in 7945ms @ http://localhost:3000/_next/static/chunks/node_modules_next_dist_115brz8._.js:2431
[ 2843848ms] [LOG] [Fast Refresh] rebuilding @ http://localhost:3000/_next/static/chunks/node_modules_next_dist_115brz8._.js:2431
[ 2845500ms] [LOG] [Fast Refresh] done in 1752ms @ http://localhost:3000/_next/static/chunks/node_modules_next_dist_115brz8._.js:2431
[ 2845792ms] [LOG] [Fast Refresh] rebuilding @ http://localhost:3000/_next/static/chunks/node_modules_next_dist_115brz8._.js:2431
[ 2851833ms] [LOG] [Fast Refresh] done in 6163ms @ http://localhost:3000/_next/static/chunks/node_modules_next_dist_115brz8._.js:2431
[ 2851944ms] [LOG] [Fast Refresh] rebuilding @ http://localhost:3000/_next/static/chunks/node_modules_next_dist_115brz8._.js:2431
[ 2852226ms] [LOG] [Fast Refresh] done in 391ms @ http://localhost:3000/_next/static/chunks/node_modules_next_dist_115brz8._.js:2431
[ 2852442ms] [LOG] [Fast Refresh] rebuilding @ http://localhost:3000/_next/static/chunks/node_modules_next_dist_115brz8._.js:2431
[ 2855488ms] [LOG] [Fast Refresh] done in 3151ms @ http://localhost:3000/_next/static/chunks/node_modules_next_dist_115brz8._.js:2431
[ 2855795ms] [LOG] [Fast Refresh] rebuilding @ http://localhost:3000/_next/static/chunks/node_modules_next_dist_115brz8._.js:2431
[ 2855818ms] [LOG] [Fast Refresh] done in 131ms @ http://localhost:3000/_next/static/chunks/node_modules_next_dist_115brz8._.js:2431
[ 2855945ms] [LOG] [Fast Refresh] rebuilding @ http://localhost:3000/_next/static/chunks/node_modules_next_dist_115brz8._.js:2431
[ 2856799ms] [LOG] [Fast Refresh] done in 955ms @ http://localhost:3000/_next/static/chunks/node_modules_next_dist_115brz8._.js:2431
[ 2857097ms] [LOG] [Fast Refresh] rebuilding @ http://localhost:3000/_next/static/chunks/node_modules_next_dist_115brz8._.js:2431
[ 2857425ms] [LOG] [Fast Refresh] done in 442ms @ http://localhost:3000/_next/static/chunks/node_modules_next_dist_115brz8._.js:2431
[ 2857567ms] [LOG] [Fast Refresh] rebuilding @ http://localhost:3000/_next/static/chunks/node_modules_next_dist_115brz8._.js:2431
[ 2858065ms] [LOG] [Fast Refresh] done in 614ms @ http://localhost:3000/_next/static/chunks/node_modules_next_dist_115brz8._.js:2431
[ 2858311ms] [LOG] [Fast Refresh] rebuilding @ http://localhost:3000/_next/static/chunks/node_modules_next_dist_115brz8._.js:2431
[ 2859078ms] [LOG] [Fast Refresh] done in 920ms @ http://localhost:3000/_next/static/chunks/node_modules_next_dist_115brz8._.js:2431
[ 2860412ms] [LOG] [Fast Refresh] rebuilding @ http://localhost:3000/_next/static/chunks/node_modules_next_dist_115brz8._.js:2431
[ 2861356ms] [LOG] [Fast Refresh] done in 1048ms @ http://localhost:3000/_next/static/chunks/node_modules_next_dist_115brz8._.js:2431
[ 2865778ms] [LOG] [Fast Refresh] rebuilding @ http://localhost:3000/_next/static/chunks/node_modules_next_dist_115brz8._.js:2431
[ 2869787ms] [LOG] [Fast Refresh] done in 4112ms @ http://localhost:3000/_next/static/chunks/node_modules_next_dist_115brz8._.js:2431
[ 2870029ms] [LOG] [Fast Refresh] rebuilding @ http://localhost:3000/_next/static/chunks/node_modules_next_dist_115brz8._.js:2431
[ 2878815ms] [LOG] [Fast Refresh] done in 8896ms @ http://localhost:3000/_next/static/chunks/node_modules_next_dist_115brz8._.js:2431
[ 2879126ms] [LOG] [Fast Refresh] rebuilding @ http://localhost:3000/_next/static/chunks/node_modules_next_dist_115brz8._.js:2431
[ 2882687ms] [LOG] [Fast Refresh] done in 3667ms @ http://localhost:3000/_next/static/chunks/node_modules_next_dist_115brz8._.js:2431
[ 2883141ms] [LOG] [Fast Refresh] rebuilding @ http://localhost:3000/_next/static/chunks/node_modules_next_dist_115brz8._.js:2431
[ 2887055ms] [LOG] [Fast Refresh] done in 4028ms @ http://localhost:3000/_next/static/chunks/node_modules_next_dist_115brz8._.js:2431
